pH,Ra(mol/kgw),m_Ra+2(mol/kgw),m_RaCl+(mol/kgw),m_RaCl2(mol/kgw),m_Ra(OH)+(mol/kgw),m_Ra(OH)2(mol/kgw),m_Ra(HCO3)+(mol/kgw),m_Ra(CO3)(mol/kgw),m_FhyOHRa+2(mol/kgw),fSorb,k1,totRa,sites
2.0,5.98249631174e-10,5.94619465719e-10,3.59617534292e-12,3.39876557472e-14,1.39071526916e-21,3.28182892694e-34,2.45568676601e-18,8.3798001683e-25,1.14882614053e-21,-0.000584765302666,0.4,5.979e-10,5.98e-05
2.1,5.98249631082e-10,5.95237378845e-10,2.98927304975e-12,2.29759925544e-14,1.80839326428e-21,5.4291128612e-34,3.19320156195e-18,1.38614825006e-24,1.20430658549e-21,-0.000584765148596,0.4,5.979e-10,5.98e-05
2.2,5.98249631742e-10,5.95749836982e-10,2.48423289391e-12,1.55577244733e-14,2.34426402926e-21,8.94487976617e-34,4.13940914992e-18,2.28362957725e-24,1.26502132032e-21,-0.000584766251324,0.4,5.979e-10,5.98e-05
2.3,5.98249632838e-10,5.96173884222e-10,2.0651813918e-12,1.05618710557e-14,3.03025815987e-21,1.46819490774e-33,5.35068557017e-18,3.74809620362e-24,1.33415248224e-21,-0.000584768085308,0.4,5.979e-10,5.98e-05
2.4,5.98249634123e-10,5.96524333229e-10,1.71810019896e-12,7.19379283112e-15,3.90674206103e-21,2.4015433312e-33,6.89829868737e-18,6.13052175047e-24,1.41586998238e-21,-0.00058477023474,0.4,5.979e-10,5.98e-05
2.5,5.98249635415e-10,5.96813940434e-10,1.43076866632e-12,4.91743786159e-15,5.02475083301e-21,3.91587753562e-33,8.87234858285e-18,9.99583542436e-24,1.51532610865e-21,-0.000584772395395,0.4,5.979e-10,5.98e-05
2.6,5.98249636594e-10,5.97053534707e-10,1.19271725057e-12,3.37324328942e-15,6.44880746573e-21,6.36695067963e-33,1.13867418098e-17,1.62519884294e-23,1.63854610038e-21,-0.000584774367602,0.4,5.979e-10,5.98e-05
2.7,5.98249637594e-10,5.97252142025e-10,9.9515984743e-13,2.32112830171e-15,8.26046960285e-21,1.03257815299e-32,1.4585448102e-17,2.63562846695e-23,1.79231473681e-21,-0.000584776039594,0.4,5.979e-10,5.98e-05
2.8,5.98249638387e-10,5.97417151994e-10,8.30866608269e-13,1.60112394967e-15,1.05627840726e-20,1.67077953367e-32,1.86503563812e-17,4.26449019241e-23,1.98421973104e-21,-0.000584777365803,0.4,5.979e-10,5.98e-05
2.9,5.98249638972e-10,5.97554540928e-10,6.93967738434e-13,1.10648099366e-15,1.34858858641e-20,2.69789072737e-32,2.38111458484e-17,6.88587003808e-23,2.22297661435e-21,-0.000584778344263,0.4,5.979e-10,5.98e-05
3.0,5.98249639363e-10,5.97669125133e-10,5.79718243018e-13,7.65612106516e-16,1.71940482206e-20,4.34841653431e-32,3.03577102837e-17,1.10981648774e-22,2.51907492237e-21,-0.000584778998589,0.4,5.979e-10,5.98e-05
3.1,5.98249639583e-10,5.97764802662e-10,4.84268067054e-13,5.30176193165e-16,2.18945711672e-20,6.99715419649e-32,3.86558140844e-17,1.78576939332e-22,2.88575090543e-21,-0.000584779366185,0.4,5.979e-10,5.98e-05
3.2,5.98249639658e-10,5.97844755133e-10,4.04468033176e-13,3.67297115941e-16,2.78489921777e-20,1.12426341468e-31,4.91668256027e-17,2.86915097703e-22,3.34034132503e-21,-0.000584779491333,0.4,5.979e-10,5.98e-05
3.3,5.98249639616e-10,5.97911602455e-10,3.37720170065e-13,2.5448204792e-16,3.53872241413e-20,1.80399839245e-31,6.24725827928e-17,4.60361921996e-22,3.90617490817e-21,-0.000584779421141,0.4,5.979e-10,5.98e-05
3.4,5.98249639486e-10,5.97967516867e-10,2.81866992138e-13,1.7627435992e-16,4.4925380866e-20,2.89124063802e-31,7.93067120349e-17,7.37769668675e-22,4.61528639901e-21,-0.000584779203073,0.4,5.979e-10,5.98e-05
3.5,5.98249639294e-10,5.98014306775e-10,2.35109845449e-13,1.22021498048e-16,5.69882467446e-20,4.62876691934e-31,1.00594055156e-16,1.18105240559e-21,5.51240176973e-21,-0.000584778883554,0.4,5.979e-10,5.98e-05
3.6,5.9824963907e-10,5.98053479817e-10,1.95947309692e-13,8.4368313198e-17,7.22375938955e-20,7.40333326746e-31,1.27500275237e-16,1.88882069918e-21,6.66087772978e-21,-0.000584778507297,0.4,5.979e-10,5.98e-05
3.7,5.98249638836e-10,5.98086291954e-10,1.63127063581e-13,5.82302671041e-17,9.15078589189e-20,1.18307842068e-30,1.61494225404e-16,3.01805187982e-21,8.15163951429e-21,-0.000584778117241,0.4,5.979e-10,5.98e-05
3.8,5.9824963862e-10,5.98113787164e-10,1.35606820008e-13,4.00890639926e-17,1.15851078142e-19,1.88913507845e-30,2.04426297411e-16,4.81851737835e-21,1.01167299867e-20,-0.000584777754877,0.4,5.979e-10,5.98e-05
3.9,5.98249638444e-10,5.98136830658e-10,1.12521497286e-13,2.75075794754e-17,1.46593465834e-19,3.01446743683e-30,2.5862674482e-16,7.68745303199e-21,1.27499870754e-20,-0.000584777460961,0.4,5.979e-10,5.98e-05
4.0,5.98249638334e-10,5.98156137481e-10,9.31548305328e-14,1.87952190876e-17,1.85406632049e-19,4.80714433544e-30,3.27028930686e-16,1.22563336915e-20,1.63388046128e-20,-0.000584777276398,0.4,5.979e-10,5.98e-05
4.1,5.98249638314e-10,5.98172297603e-10,7.69143565998e-14,1.27770245204e-17,2.34397211245e-19,7.66160549698e-30,4.13323618417e-16,1.95285330905e-20,2.13132164539e-20,-0.000584777243579,0.4,5.979e-10,5.98e-05
4.2,5.98249638412e-10,5.98185798036e-10,6.33092629044e-14,8.63453149845e-18,2.96219654362e-19,1.22048376154e-29,5.22151843536e-16,3.10975829416e-20,2.8322165915e-20,-0.000584777408026,0.4,5.979e-10,5.98e-05
4.3,5.98249638659e-10,5.98197042092e-10,5.19310010956e-14,5.79625912548e-18,3.74218179617e-19,1.94331931299e-29,6.59345602743e-16,4.94930003155e-20,3.83525543074e-20,-0.000584777820553,0.4,5.979e-10,5.98e-05
4.4,5.98249639089e-10,5.98206365658e-10,4.24367899657e-14,3.86243752974e-18,4.72605445784e-19,3.09295684944e-29,8.32227585585e-16,7.87278485148e-20,5.29157252258e-20,-0.000584778539868,0.4,5.979e-10,5.98e-05
4.5,5.98249639744e-10,5.98214050348e-10,3.453613796e-14,2.5532309178e-18,5.96687485002e-19,4.92080790578e-29,1.04998343051e-15,1.25164988611e-19,7.43403738288e-20,-0.000584779635695,0.4,5.979e-10,5.98e-05
4.6,5.98249640675e-10,5.98220333588e-10,2.79803396972e-14,1.67298454192e-18,7.53146909599e-19,7.82609939634e-29,1.32412243426e-15,1.98886166604e-19,1.06233550976e-19,-0.000584781192225,0.4,5.979e-10,5.98e-05
4.7,5.98249641942e-10,5.982254159e-10,2.25546455261e-14,1.08535670717e-18,9.50399516644e-19,1.24426503121e-28,1.66904511662e-15,3.1585329009e-19,1.54207345394e-19,-0.000584783311814,0.4,5.979e-10,5.98e-05
4.8,5.9824964362e-10,5.98229465898e-10,1.80725879246e-14,6.95858850433e-19,1.19904331988e-18,1.97765353741e-28,2.10273823166e-15,5.01315438652e-19,2.27025717283e-19,-0.000584786118872,0.4,5.979e-10,5.98e-05
4.9,5.982496458e-10,5.98232623581e-10,1.43718527143e-14,4.39487125482e-19,1.51242395166e-18,3.14244535653e-28,2.64761917827e-15,7.95170300915e-19,3.38416096825e-19,-0.000584789763568,0.4,5.979e-10,5.98e-05
5.0,5.98249648587e-10,5.98235002477e-10,1.13111190917e-14,2.71911277117e-19,1.90734656332e-18,4.99200822304e-28,3.33155138232e-15,1.26038309921e-18,5.09933199896e-19,-0.000584794425082,0.4,5.979e-10,5.98e-05
5.1,5.98249652107e-10,5.98236691075e-10,8.76741987502e-15,1.63194562391e-19,2.40497214341e-18,7.92833830891e-28,4.18904863205e-15,1.99617146433e-18,7.75488873561e-19,-0.000584800313351,0.4,5.979e-10,5.98e-05
5.2,5.98249656505e-10,5.9823775381e-10,6.63373306466e-15,9.33405216571e-20,3.03194598591e-18,1.25891717936e-27,5.26267727841e-15,3.15858602987e-18,1.18852051754e-18,-0.000584807668014,0.4,5.979e-10,5.98e-05
5.3,5.98249661936e-10,5.98238231765e-10,4.81666020872e-15,4.91677624697e-20,3.8218183967e-18,1.99861212528e-27,6.6046473078e-15,4.99250302377e-18,1.83333916354e-18,-0.000584816751731,0.4,5.979e-10,5.98e-05
5.4,5.98249668562e-10,5.98238143137e-10,3.23415289981e-15,2.21504141185e-20,4.81683328153e-18,3.17237109312e-27,8.27855184214e-15,7.88110195501e-18,2.84309935632e-18,-0.000584827833649,0.4,5.979e-10,5.98e-05
5.5,5.98249676527e-10,5.9823748355e-10,1.81331465931e-15,6.95847353515e-21,6.07017983847e-18,5.03466699596e-27,1.03611634109e-14,1.24218961845e-17,4.42826108434e-18,-0.000584841155702,0.4,5.979e-10,5.98e-05
5.6,5.98249685923e-10,5.98236226271e-10,4.88342681429e-16,5.04376826232e-22,7.64882722026e-18,7.98905588158e-27,1.29441169915e-14,1.95426384164e-17,6.92167745907e-18,-0.000584856870253,0.4,5.979e-10,5.98e-05
5.7,5.9824969554e-10,5.98233539637e-10,4.20394350395e-24,3.73878944022e-38,9.6256167482e-18,1.26553568941e-26,1.61156505674e-14,3.06269557066e-17,1.09231566415e-17,-0.000584872955673,0.4,5.979e-10,5.98e-05
5.8,5.98249707474e-10,5.98229652428e-10,1.50488218451e-24,4.79480013865e-39,1.21034057051e-17,2.00253764791e-26,1.99951230395e-14,4.78197563737e-17,1.73083637574e-17,-0.000584892915264,0.4,5.979e-10,5.98e-05
5.9,5.98249719768e-10,5.98224903754e-10,8.61459266102e-25,1.57257438722e-39,1.52175588938e-17,3.16833931821e-26,2.47263818535e-14,7.44144841236e-17,2.74102366906e-17,-0.000584913476968,0.4,5.979e-10,5.98e-05
6.0,5.98249730979e-10,5.98219142057e-10,5.73263022696e-25,6.97034770237e-40,1.91310906164e-17,5.01217287204e-26,3.04544600016e-14,1.1533137199e-16,4.33840101627e-17,-0.000584932228517,0.4,5.979e-10,5.98e-05
6.1,5.98249738449e-10,5.98212208152e-10,4.11046726978e-25,3.58725889551e-40,2.40486987101e-17,7.92799732933e-26,3.73283705756e-14,1.77877587597e-16,6.8630300981e-17,-0.000584944721849,0.4,5.979e-10,5.98e-05
6.2,5.98249737533e-10,5.98203944182e-10,3.08373917218e-25,2.02114540146e-40,3.02274565622e-17,1.25384973984e-25,4.54903673493e-14,2.72755594062e-16,1.08512266458e-16,-0.000584943189172,0.4,5.979e-10,5.98e-05
6.3,5.98249720399e-10,5.98194206343e-10,2.38719372778e-25,1.2125675431e-40,3.79902884376e-17,1.98278576197e-25,5.50606764809e-14,4.15389138696e-16,1.71484599951e-16,-0.000584914533134,0.4,5.979e-10,5.98e-05
6.4,5.98249670526e-10,5.98182877167e-10,1.89319839931e-25,0.0,4.77429716876e-17,3.13516904993e-25,6.61180176315e-14,6.27598361694e-16,2.70870704059e-16,-0.000584831118589,0.4,5.979e-10,5.98e-05
6.5,5.98249574362e-10,5.98169897155e-10,1.5322209896e-25,0.0,5.99956100694e-17,4.95690680901e-25,7.86775900558e-14,9.39621333944e-16,4.27660444822e-16,-0.000584670281943,0.4,5.979e-10,5.98e-05
6.6,5.9824939491e-10,5.98155257158e-10,1.26287547368e-25,0.0,7.53897614323e-17,7.83678801243e-25,9.26699256956e-14,1.39243577302e-15,6.74915770802e-16,-0.000584370144939,0.4,5.979e-10,5.98e-05
6.7,5.98249079338e-10,5.98139018685e-10,1.05885960236e-25,0.0,9.4732710047e-17,1.23896419329e-24,1.07925619984e-13,2.04030018568e-15,1.06471125882e-15,-0.000583842344084,0.4,5.979e-10,5.98e-05
6.8,5.98248544345e-10,5.98121300331e-10,9.02607098052e-26,0.0,1.19040726324e-16,1.95880160221e-24,1.24171535851e-13,2.95343733921e-15,1.67907378566e-15,-0.000582947558444,0.4,5.979e-10,5.98e-05
6.9,5.98247658963e-10,5.98102245719e-10,7.8193160527e-26,0.0,1.49593604318e-16,3.09707414017e-24,1.41042796038e-13,4.22085484992e-15,2.64723470205e-15,-0.000581466738804,0.4,5.979e-10,5.98e-05
7.0,5.98246217467e-10,5.98081964603e-10,6.88127330585e-26,0.0,1.88003318106e-16,4.89733435579e-24,1.58111413159e-13,5.9534471632e-15,4.17284934734e-15,-0.000579055807101,0.4,5.979e-10,5.98e-05
7.1,5.9824389662e-10,5.98060444979e-10,6.14831760988e-26,0.0,2.36300341339e-16,7.74515307235e-24,1.74927617974e-13,8.28772226543e-15,6.57695643562e-15,-0.000575174142967,0.4,5.979e-10,5.98e-05
7.2,5.9824018809e-10,5.98037434627e-10,5.57311604388e-26,0.0,2.97042075874e-16,1.22510600561e-23,1.91065737492e-13,1.1390683032e-14,1.03657907377e-14,-0.00056897154974,0.4,5.979e-10,5.98e-05
7.3,5.98234291609e-10,5.98012286804e-10,5.11996005561e-26,0.0,3.73448982487e-16,1.93819485487e-23,2.06164852855e-13,1.54665032487e-14,1.63378301827e-14,-0.000559109565693,0.4,5.979e-10,5.98e-05
7.4,5.98224946163e-10,5.97983754676e-10,4.76160715608e-26,0.0,4.69575437417e-16,3.066924404e-23,2.19956263846e-13,2.07656474945e-14,2.57527592945e-14,-0.000543479115584,0.4,5.979e-10,5.98e-05
7.5,5.98210163419e-10,5.97949701787e-10,4.47708014051e-26,0.0,5.90524078002e-16,4.85386371881e-23,2.32274084276e-13,2.75970239642e-14,4.05981003495e-14,-0.000518754673709,0.4,5.979e-10,5.98e-05
7.6,5.98186807115e-10,5.97906670655e-10,4.25009440539e-26,0.0,7.42714455142e-16,7.68322650393e-23,2.43050051379e-13,3.6343694741e-14,6.40098156098e-14,-0.00047969077675,0.4,5.979e-10,5.98e-05
7.7,5.98149932565e-10,5.97849218811e-10,4.06790868186e-26,0.0,9.34218915787e-16,1.21635368073e-22,2.52296901108e-13,4.74826340353e-14,1.00935411167e-13,-0.00041801733534,0.4,5.979e-10,5.98e-05
7.8,5.9809173078e-10,5.97768860135e-10,3.92047208337e-26,0.0,1.17518251752e-15,1.92584582665e-22,2.60086289397e-13,6.16091729379e-14,1.59178741603e-13,-0.000320673658351,0.4,5.979e-10,5.98e-05
7.9000000001,5.97999901106e-10,5.97652431083e-10,3.79977189766e-26,0.0,1.47834224642e-15,3.04936378277e-22,2.66525154116e-13,7.94665258844e-14,2.51043983374e-13,-0.000167086646415,0.4,5.979e-10,5.98e-05
8.0,5.97855056623e-10,5.97479480979e-10,3.69933311145e-26,0.0,1.85966760013e-15,4.82834421866e-22,2.71734806619e-13,1.01981169046e-13,3.95918854316e-13,7.51687193823e-05,0.4,5.979e-10,5.98e-05
8.1,5.9762667775e-10,5.97218201211e-10,3.61381936266e-26,0.0,2.33913758113e-15,7.6446118904e-22,2.75833271614e-13,1.30304129325e-13,6.24323793666e-13,0.000457137062996,0.4,5.979e-10,5.98e-05
8.2,5.97266786945e-10,5.96819066693e-10,3.53870602077e-26,0.0,2.94166323885e-15,1.21013860913e-21,2.78921019176e-13,1.6585756822e-13,9.84237214382e-13,0.00105906180868,0.4,5.979e-10,5.98e-05
8.3,5.96700119439e-10,5.96204968361e-10,3.46999955983e-26,0.0,3.69814080281e-15,1.91501177445e-21,2.81068918065e-13,2.10384017746e-13,1.55092473981e-12,0.00200682482182,0.4,5.979e-10,5.98e-05
8.4,5.95808969995e-10,5.95256025039e-10,3.40398195772e-26,0.0,4.64656799227e-15,3.02877606705e-21,2.823067195e-13,2.65991665908e-13,2.44209211103e-12,0.00349729052505,0.4,5.979e-10,5.98e-05
8.5,5.94410122277e-10,5.9378649767e-10,3.33696177752e-26,0.0,5.83304673422e-15,4.78603480356e-21,2.82610076025e-13,3.35181478849e-13,3.84095747657e-12,0.00583689199423,0.4,5.979e-10,5.98e-05
8.6,5.92220397862e-10,5.91510373618e-10,3.26501711563e-26,0.0,7.31228043857e-15,7.55222628136e-21,2.81883998863e-13,4.20827956444e-13,6.03069909009e-12,0.00949925094221,0.4,5.979e-10,5.98e-05
8.7,5.88806845464e-10,5.87991696847e-10,3.18372348835e-26,0.0,9.1467740798e-15,1.18911953603e-20,2.79940940492e-13,5.2606089069e-13,9.44426941782e-12,0.0152084872648,0.4,5.979e-10,5.98e-05
8.8,5.83518512993e-10,5.82576680914e-10,3.08787878534e-26,0.0,1.14032516481e-14,1.86600382716e-20,2.76472902584e-13,6.53955907004e-13,1.47326214625e-11,0.0240533316719,0.4,5.979e-10,5.98e-05
8.9,5.75401890786e-10,5.7430984064e-10,2.97128102736e-26,0.0,1.4143734125e-14,2.91314397291e-20,2.71020497348e-13,8.06885885182e-13,2.28492658988e-11,0.0376285486099,0.4,5.979e-10,5.98e-05
9.0,5.63116699384e-10,5.61851011704e-10,2.8267017517e-26,0.0,1.74074196718e-14,4.51264011904e-20,2.62950076337e-13,9.8533013957e-13,3.51344833452e-11,0.0581757829329,0.4,5.979e-10,5.98e-05
9.1,5.44900437985e-10,5.43441842974e-10,2.64634252909e-26,0.0,2.11789143916e-14,6.91001649742e-20,2.51465761216e-13,1.1859502659e-12,5.33507759706e-11,0.0886428533452,0.4,5.979e-10,5.98e-05
9.2,5.1868250317e-10,5.17022469366e-10,2.42322639433e-26,0.0,2.53411999403e-14,1.0405386783e-19,2.35705783243e-13,1.39898671707e-12,7.95687488324e-11,0.132492886486,0.4,5.979e-10,5.98e-05
9.3,4.82498136472e-10,4.80647760532e-10,2.15396536832e-26,0.0,2.96229605562e-14,1.53069047295e-19,2.14986433549e-13,1.60576639286e-12,1.15753162388e-10,0.193011981147,0.4,5.979e-10,5.98e-05
9.4,4.35309647545e-10,4.33308468475e-10,1.8427261882e-26,0.0,3.35726359885e-14,2.18293026463e-19,1.89216898168e-13,1.77838931766e-12,1.62941709487e-10,0.271935695693,0.4,5.979e-10,5.98e-05
9.5,3.78066100382e-10,3.75985613584e-10,1.50464488879e-26,0.0,3.66130004622e-14,2.99535471185e-19,1.59358089711e-13,1.88451540811e-12,2.20185329179e-10,0.367676701151,0.4,5.979e-10,5.98e-05
9.6,3.14350915038e-10,3.12286887739e-10,1.16532095847e-26,0.0,3.82093195698e-14,3.93277664449e-19,1.27586932041e-13,1.89823065463e-12,2.83900605299e-10,0.474241654059,0.4,5.979e-10,5.98e-05
9.7,2.49802125039e-10,2.47854944754e-10,8.54113524583e-27,0.0,3.80914662264e-14,4.93206786403e-19,9.68291105543e-14,1.81225921547e-12,3.48449509207e-10,0.582200827832,0.4,5.979e-10,5.98e-05
9.8,1.90268755019e-10,1.88520028871e-10,5.93975902415e-27,0.0,3.63792737785e-14,5.92484982851e-19,6.97731163307e-14,1.64257316522e-12,4.07983022446e-10,0.681771608934,0.4,5.979e-10,5.98e-05
9.9,1.39850876948e-10,1.38348204099e-10,3.94568861385e-27,0.0,3.3510320624e-14,6.86390399832e-19,4.79995810039e-14,1.42116226086e-12,4.58401080838e-10,0.766096542987,0.4,5.979e-10,5.98e-05
10.0,1.00076056084e-10,9.88315319825e-11,2.52639359121e-27,0.0,3.00360276686e-14,7.73657640827e-19,3.17659689718e-14,1.18272133161e-12,4.98176128946e-10,0.832620745803,0.4,5.979e-10,5.98e-05
2.0,5.98249631175e-10,5.94619465719e-10,3.59617534293e-12,3.39876557472e-14,1.39071526916e-21,3.28182892694e-34,2.45568676602e-18,8.37980016833e-25,9.12545040216e-22,-0.000584765303047,0.3,5.979e-10,5.98e-05
2.1,5.98249631083e-10,5.95237378845e-10,2.98927304975e-12,2.29759925544e-14,1.80839326428e-21,5.4291128612e-34,3.19320156196e-18,1.38614825007e-24,9.56614724119e-22,-0.000584765148997,0.3,5.979e-10,5.98e-05
2.2,5.98249631742e-10,5.95749836982e-10,2.48423289391e-12,1.55577244733e-14,2.34426402926e-21,8.94487976617e-34,4.13940915e-18,2.28362957729e-24,1.00484215226e-21,-0.000584766251663,0.3,5.979e-10,5.98e-05
2.3,5.98249632838e-10,5.96173884222e-10,2.0651813918e-12,1.05618710557e-14,3.03025815987e-21,1.46819490774e-33,5.35068557018e-18,3.74809620362e-24,1.05975498607e-21,-0.000584768085766,0.3,5.979e-10,5.98e-05
2.4,5.98249634124e-10,5.9652433323e-10,1.71810019896e-12,7.19379283112e-15,3.90674206103e-21,2.4015433312e-33,6.89829868728e-18,6.13052175039e-24,1.12466550371e-21,-0.000584770235293,0.3,5.979e-10,5.98e-05
2.5,5.98249635416e-10,5.96813940434e-10,1.43076866632e-12,4.9174378616e-15,5.02475083301e-21,3.91587753562e-33,8.87234858273e-18,9.99583542423e-24,1.20366631292e-21,-0.00058477239598,0.3,5.979e-10,5.98e-05
2.6,5.98249636595e-10,5.97053534708e-10,1.19271725057e-12,3.37324328943e-15,6.44880746573e-21,6.36695067963e-33,1.13867418098e-17,1.62519884294e-23,1.30154343143e-21,-0.000584774368167,0.3,5.979e-10,5.98e-05
2.7,5.98249637594e-10,5.97252142025e-10,9.95159847431e-13,2.32112830172e-15,8.26046960285e-21,1.03257815299e-32,1.4585448102e-17,2.63562846695e-23,1.42368620096e-21,-0.000584776040212,0.3,5.979e-10,5.98e-05
2.8,5.98249638387e-10,5.97417151994e-10,8.30866608269e-13,1.60112394967e-15,1.05627840726e-20,1.67077953367e-32,1.86503563812e-17,4.26449019241e-23,1.57612175627e-21,-0.000584777366482,0.3,5.979e-10,5.98e-05
2.9,5.98249638972e-10,5.97554540928e-10,6.93967738435e-13,1.10648099366e-15,1.34858858642e-20,2.69789072738e-32,2.38111458488e-17,6.88587003821e-23,1.76577308991e-21,-0.000584778344933,0.3,5.979e-10,5.98e-05
3.0,5.98249639364e-10,5.97669125134e-10,5.79718243018e-13,7.65612106516e-16,1.71940482206e-20,4.34841653431e-32,3.03577102843e-17,1.10981648776e-22,2.00097233622e-21,-0.000584778999358,0.3,5.979e-10,5.98e-05
3.1,5.98249639584e-10,5.97764802662e-10,4.84268067054e-13,5.30176193165e-16,2.18945711672e-20,6.9971541965e-32,3.86558140844e-17,1.78576939332e-22,2.29223342256e-21,-0.000584779367175,0.3,5.979e-10,5.98e-05
3.2,5.98249639659e-10,5.97844755133e-10,4.04468033177e-13,3.67297115942e-16,2.78489921777e-20,1.12426341469e-31,4.91668256027e-17,2.86915097704e-22,2.65332742809e-21,-0.000584779492483,0.3,5.979e-10,5.98e-05
3.3,5.98249639617e-10,5.97911602456e-10,3.37720170066e-13,2.5448204792e-16,3.53872241413e-20,1.80399839246e-31,6.2472582793e-17,4.60361921998e-22,3.10278501933e-21,-0.000584779422471,0.3,5.979e-10,5.98e-05
3.4,5.98249639486e-10,5.97967516868e-10,2.81866992138e-13,1.7627435992e-16,4.49253808661e-20,2.89124063803e-31,7.93067120365e-17,7.3776966869e-22,3.66605229808e-21,-0.000584779204563,0.3,5.979e-10,5.98e-05
3.5,5.98249639296e-10,5.98014306776e-10,2.3510984545e-13,1.22021498048e-16,5.69882467447e-20,4.62876691935e-31,1.00594055156e-16,1.18105240559e-21,4.37865636685e-21,-0.000584778885444,0.3,5.979e-10,5.98e-05
3.6,5.98249639071e-10,5.98053479818e-10,1.95947309692e-13,8.43683131982e-17,7.22375938956e-20,7.40333326748e-31,1.27500275238e-16,1.88882069918e-21,5.29092324882e-21,-0.000584778509589,0.3,5.979e-10,5.98e-05
3.7,5.98249638838e-10,5.98086291955e-10,1.63127063581e-13,5.82302671042e-17,9.15078589192e-20,1.18307842068e-30,1.61494225404e-16,3.01805187983e-21,6.47507742551e-21,-0.000584778120044,0.3,5.979e-10,5.98e-05
3.8,5.98249638622e-10,5.98113787166e-10,1.35606820009e-13,4.00890639927e-17,1.15851078142e-19,1.88913507846e-30,2.04426297411e-16,4.81851737837e-21,8.03600427154e-21,-0.00058477775836,0.3,5.979e-10,5.98e-05
3.9,5.98249638447e-10,5.98136830661e-10,1.12521497286e-13,2.75075794755e-17,1.46593465835e-19,3.01446743685e-30,2.58626744821e-16,7.68745303203e-21,1.01276747264e-20,-0.000584777465348,0.3,5.979e-10,5.98e-05
4.0,5.98249638337e-10,5.98156137485e-10,9.31548305333e-14,1.87952190877e-17,1.8540663205e-19,4.80714433546e-30,3.27028930689e-16,1.22563336916e-20,1.29783738256e-20,-0.000584777282001,0.3,5.979e-10,5.98e-05
4.1,5.98249638318e-10,5.98172297607e-10,7.69143566004e-14,1.27770245205e-17,2.34397211247e-19,7.66160549704e-30,4.13323618421e-16,1.95285330907e-20,1.69296896022e-20,-0.000584777250897,0.3,5.979e-10,5.98e-05
4.2,5.98249638418e-10,5.98185798041e-10,6.3309262905e-14,8.63453149853e-18,2.96219654365e-19,1.22048376155e-29,5.22151843541e-16,3.10975829419e-20,2.2497096055e-20,-0.000584777417771,0.3,5.979e-10,5.98e-05
4.3,5.98249638667e-10,5.981970421e-10,5.19310010963e-14,5.79625912555e-18,3.74218179622e-19,1.94331931302e-29,6.59345602752e-16,4.94930003162e-20,3.04645167605e-20,-0.000584777833743,0.3,5.979e-10,5.98e-05
4.4,5.982496391e-10,5.98206365669e-10,4.24367899665e-14,3.86243752981e-18,4.72605445792e-19,3.09295684949e-29,8.322275856e-16,7.87278485162e-20,4.20324546085e-20,-0.000584778558067,0.3,5.979e-10,5.98e-05
4.5,5.9824963976e-10,5.98214050363e-10,3.45361379609e-14,2.55323091787e-18,5.96687485018e-19,4.92080790591e-29,1.04998343052e-15,1.25164988612e-19,5.90506579137e-20,-0.000584779661336,0.3,5.979e-10,5.98e-05
4.6,5.98249640697e-10,5.9822033361e-10,2.79803396982e-14,1.67298454198e-18,7.53146909627e-19,7.82609939662e-29,1.32412243431e-15,1.98886166611e-19,8.4384309018e-20,-0.000584781228768,0.3,5.979e-10,5.98e-05
4.7,5.98249641974e-10,5.98225415932e-10,2.25546455273e-14,1.08535670723e-18,9.50399516694e-19,1.24426503128e-28,1.66904511671e-15,3.15853290106e-19,1.22491248455e-19,-0.000584783364863,0.3,5.979e-10,5.98e-05
4.8,5.98249643667e-10,5.98229465945e-10,1.8072587926e-14,6.95858850487e-19,1.19904331997e-18,1.97765353756e-28,2.10273823182e-15,5.01315438692e-19,1.8033293726e-19,-0.000584786196967,0.3,5.979e-10,5.98e-05
4.9,5.98249645869e-10,5.9823262365e-10,1.4371852716e-14,4.39487125532e-19,1.51242395183e-18,3.1424453569e-28,2.64761917863e-15,7.95170301022e-19,2.68813460824e-19,-0.000584789879884,0.3,5.979e-10,5.98e-05
5.0,5.98249648692e-10,5.98235002582e-10,1.13111190937e-14,2.71911277165e-19,1.90734656365e-18,4.99200822392e-28,3.3315513829e-15,1.26038309943e-18,4.05054338572e-19,-0.000584794600495,0.3,5.979e-10,5.98e-05
5.1,5.98249652267e-10,5.98236691234e-10,8.76741987736e-15,1.63194562435e-19,2.40497214405e-18,7.92833831102e-28,4.18904863317e-15,1.99617146486e-18,6.15992708148e-19,-0.000584800580111,0.3,5.979e-10,5.98e-05
5.2,5.98249656749e-10,5.98237754055e-10,6.63373306737e-15,9.33405216952e-20,3.03194598715e-18,1.25891717987e-27,5.26267728057e-15,3.15858603117e-18,9.44075405015e-19,-0.000584808076837,0.3,5.979e-10,5.98e-05
5.3,5.98249662313e-10,5.98238232142e-10,4.81666021177e-15,4.91677625011e-20,3.82181839911e-18,1.99861212654e-27,6.60464731187e-15,4.99250302685e-18,1.45627306235e-18,-0.000584817382451,0.3,5.979e-10,5.98e-05
5.4,5.98249669146e-10,5.98238143722e-10,3.23415290297e-15,2.21504141401e-20,4.81683328624e-18,3.17237109622e-27,8.27855185023e-15,7.88110196272e-18,2.25835409506e-18,-0.000584828811646,0.3,5.979e-10,5.98e-05
5.5,5.98249677438e-10,5.98237484461e-10,1.81331466207e-15,6.95847354575e-21,6.07017984771e-18,5.03466700363e-27,1.03611634267e-14,1.24218962035e-17,3.51749281538e-18,-0.000584842678982,0.3,5.979e-10,5.98e-05
5.6,5.98249687346e-10,5.98236227695e-10,4.88342682594e-16,5.04376827437e-22,7.64882723846e-18,7.98905590059e-27,1.29441170223e-14,1.95426384629e-17,5.49808385048e-18,-0.000584859251241,0.3,5.979e-10,5.98e-05
5.7,5.98249697787e-10,5.98233541884e-10,4.20394351942e-24,3.73878945369e-38,9.62561678435e-18,1.26553569416e-26,1.61156506282e-14,3.06269558222e-17,8.67657176525e-18,-0.000584876713036,0.3,5.979e-10,5.98e-05
5.8,5.98249711034e-10,5.98229655988e-10,1.50488219346e-24,4.79480016715e-39,1.21034057771e-17,2.00253765982e-26,1.99951231586e-14,4.78197566583e-17,1.37485221112e-17,-0.000584898869158,0.3,5.979e-10,5.98e-05
5.9,5.98249725405e-10,5.98224909391e-10,8.61459274221e-25,1.57257440204e-39,1.52175590372e-17,3.16833934807e-26,2.47263820865e-14,7.44144848249e-17,2.1772725129e-17,-0.000584922905824,0.3,5.979e-10,5.98e-05
6.0,5.98249739902e-10,5.98219150979e-10,5.73263031247e-25,6.97034780636e-40,1.91310909018e-17,5.0121729468e-26,3.04544604558e-14,1.15331373711e-16,3.44611447218e-17,-0.000584947152194,0.3,5.979e-10,5.98e-05
6.1,5.98249752565e-10,5.98212222267e-10,4.11046736677e-25,3.58725898017e-40,2.40486992775e-17,7.92799751638e-26,3.73283714564e-14,1.77877591794e-16,5.45149871131e-17,-0.000584968329999,0.3,5.979e-10,5.98e-05
6.2,5.98249760172e-10,5.98203966821e-10,3.0837391914e-25,2.02114539303e-40,3.02274567446e-17,1.25384973411e-25,4.54903675592e-14,2.72755592428e-16,8.61943566913e-17,-0.000584981052991,0.3,5.979e-10,5.98e-05
6.3,5.98249755669e-10,5.9819424161e-10,2.38719386852e-25,1.2125676146e-40,3.79902906773e-17,1.98278587887e-25,5.5060679727e-14,4.15389163186e-16,1.36215067592e-16,-0.000584973522151,0.3,5.979e-10,5.98e-05
6.4,5.98249726236e-10,5.98182932871e-10,1.89319857562e-25,0.0,4.77429761335e-17,3.13516934188e-25,6.61180237885e-14,6.27598420138e-16,2.15160268231e-16,-0.000584924295255,0.3,5.979e-10,5.98e-05
6.5,5.98249662319e-10,5.981699851e-10,1.53222121488e-25,0.0,5.99956188902e-17,4.9569075378e-25,7.86776016235e-14,9.39621472093e-16,3.39702816143e-16,-0.000584817392573,0.3,5.979e-10,5.98e-05
6.6,5.9824953372e-10,5.98155395947e-10,1.26287576671e-25,0.0,7.53897789249e-17,7.83678983079e-25,9.26699471976e-14,1.39243609611e-15,5.36104777202e-16,-0.000584602308686,0.3,5.979e-10,5.98e-05
6.7,5.98249298318e-10,5.98139237625e-10,1.05885998995e-25,0.0,9.47327447225e-17,1.23896464679e-24,1.07925659488e-13,2.0403009325e-15,8.45730524279e-16,-0.000584208593056,0.3,5.979e-10,5.98e-05
6.8,5.98248889682e-10,5.98121645594e-10,9.02607619098e-26,0.0,1.1904079504e-16,1.95880273292e-24,1.24171607528e-13,2.95343904405e-15,1.33373648605e-15,-0.00058352514092,0.3,5.979e-10,5.98e-05
6.9,5.98248203421e-10,5.98102790045e-10,7.81932316911e-26,0.0,1.49593740461e-16,3.09707695879e-24,1.41042924399e-13,4.22085869127e-15,2.10277518152e-15,-0.000582377356372,0.3,5.979e-10,5.98e-05
7.0,5.98247075698e-10,5.98082822598e-10,6.88128317773e-26,0.0,1.88003587811e-16,4.89734138139e-24,1.58111639983e-13,5.95345570388e-15,3.314616811e-15,-0.00058049121509,0.3,5.979e-10,5.98e-05
7.1,5.98245249299e-10,5.98061797244e-10,6.1483315119e-26,0.0,2.36300875633e-16,7.74517058478e-24,1.74928013501e-13,8.28774100472e-15,5.22427400806e-15,-0.000577436526219,0.3,5.979e-10,5.98e-05
7.2,5.98242320005e-10,5.9803956582e-10,5.57313590477e-26,0.0,2.97043134426e-16,1.22511037145e-23,1.91066418382e-13,1.13907236243e-14,8.23386960122e-15,-0.000572537222156,0.3,5.979e-10,5.98e-05
7.3,5.98237651758e-10,5.98015645706e-10,5.11998881365e-26,0.0,3.73451080066e-16,1.93820574127e-23,2.06166010837e-13,1.54665901206e-14,1.29776727018e-14,-0.00056472948258,0.3,5.979e-10,5.98e-05
7.4,5.98230242583e-10,5.9798904896e-10,4.76164931376e-26,0.0,4.6957959483e-16,3.06695155719e-23,2.19958211241e-13,2.07658313443e-14,2.04563249426e-14,-0.000552337485406,0.3,5.979e-10,5.98e-05
7.5,5.98218512827e-10,5.9795804756e-10,4.47714262923e-26,0.0,5.90532320132e-16,4.85393146571e-23,2.32277326199e-13,2.75974091446e-14,3.22486674904e-14,-0.000532719229673,0.3,5.979e-10,5.98e-05
7.6,5.98199970967e-10,5.97919828342e-10,4.25018793506e-26,0.0,7.42730799504e-16,7.68339558296e-23,2.430554e-13,3.63444945295e-14,5.08459227621e-14,-0.000501707588286,0.3,5.979e-10,5.98e-05
7.7,5.98170689347e-10,5.97869965157e-10,4.06804984641e-26,0.0,9.34251334709e-16,1.21639589019e-22,2.52305656222e-13,4.74842817603e-14,8.0178629257e-14,-0.000452733478328,0.3,5.979e-10,5.98e-05
7.8,5.9812446237e-10,5.97801574055e-10,3.92068664013e-26,0.0,1.17524683138e-15,1.92595122183e-22,2.60100523055e-13,6.1612544603e-14,1.26447088601e-13,-0.000375417912959,0.3,5.979e-10,5.98e-05
7.9,5.98051516553e-10,5.97704016539e-10,3.80009987234e-26,0.0,1.47846984692e-15,3.04962698249e-22,2.66548158886e-13,7.94733849151e-14,1.99428536251e-13,-0.000253414538629,0.3,5.979e-10,5.98e-05
8.0,5.9793644314e-10,5.97560816369e-10,3.69983670956e-26,0.0,1.85992075824e-15,4.8290015052e-22,2.71771798105e-13,1.01995051827e-13,3.14532337138e-13,-6.09518980085e-05,0.3,5.979e-10,5.98e-05
8.1,5.9775497706e-10,5.97346412829e-10,3.61459518947e-26,0.0,2.33963975032e-15,7.64625304586e-22,2.7589248787e-13,1.30332103189e-13,4.96024483182e-13,0.000242553837649,0.3,5.979e-10,5.98e-05
8.2,5.97468952116e-10,5.97021080318e-10,3.53990382645e-26,0.0,2.9426589443e-15,1.21054822148e-21,2.7901542943e-13,1.65913708322e-13,7.82072042987e-13,0.000720936417652,0.3,5.979e-10,5.98e-05
8.3,5.97018443646e-10,5.96523028417e-10,3.47185073193e-26,0.0,3.70011366589e-15,1.91603338398e-21,2.81218861104e-13,2.10496252206e-13,1.23260053268e-12,0.0014744210638,0.3,5.979e-10,5.98e-05
8.4,5.96309609721e-10,5.95756200142e-10,3.4068422421e-26,0.0,4.65047235832e-15,3.03132105297e-21,2.82543933056e-13,2.66215170426e-13,1.94145271735e-12,0.00265996032694,0.3,5.979e-10,5.98e-05
8.5,5.95196064635e-10,5.94571615458e-10,3.34137402045e-26,0.0,5.8407593184e-15,4.79236300509e-21,2.82983749344e-13,3.35624663231e-13,3.05501511924e-12,0.00452238729801,0.3,5.979e-10,5.98e-05
8.6,5.93450789815e-10,5.92739290431e-10,3.27180054312e-26,0.0,7.32747236757e-15,7.56791671927e-21,2.8246963854e-13,4.2170226482e-13,4.8003071383e-12,0.0074413951923,0.3,5.979e-10,5.98e-05
8.7,5.90724828031e-10,5.89907024145e-10,3.19409425019e-26,0.0,9.17656882809e-15,1.19299297993e-20,2.808528215e-13,5.27774483997e-13,7.52628685279e-12,0.012000622125,0.3,5.979e-10,5.98e-05
8.8,5.86489022278e-10,5.85542395628e-10,3.10359832882e-26,0.0,1.14613020122e-14,1.8755030649e-20,2.77880339038e-13,6.5728499043e-13,1.17621121815e-11,0.0190850940318,0.3,5.979e-10,5.98e-05
8.9,5.79957635958e-10,5.78856939505e-10,2.99480632653e-26,0.0,1.42557171482e-14,2.93620879138e-20,2.73166302215e-13,8.13274404241e-13,1.82935207345e-11,0.0300089714702,0.3,5.979e-10,5.98e-05
9.0,5.70001643917e-10,5.68720481312e-10,2.86126266109e-26,0.0,1.76202514164e-14,4.56781389334e-20,2.66165034237e-13,9.97377273679e-13,2.8249538827e-11,0.0466605721413,0.3,5.979e-10,5.98e-05
9.1,5.55081380359e-10,5.53595532902e-10,2.69578723817e-26,0.0,2.15746220766e-14,7.03912351928e-20,2.56164157393e-13,1.20810860678e-12,4.31698336224e-11,0.0716150186343,0.3,5.979e-10,5.98e-05
9.2,5.33269973733e-10,5.31563253004e-10,2.49137784478e-26,0.0,2.60538979395e-14,1.06980287331e-19,2.42334791892e-13,1.43833193254e-12,6.49812783137e-11,0.108095043096,0.3,5.979e-10,5.98e-05
9.3,5.024946527e-10,5.00567590313e-10,2.2432342013e-26,0.0,3.08506460718e-14,1.5941279703e-19,2.23896269538e-13,1.67231531249e-12,9.57566462444e-11,0.159567398059,0.3,5.979e-10,5.98e-05
9.4,4.61141539381e-10,4.5902160752e-10,1.95207670693e-26,0.0,3.55648837064e-14,2.31246843244e-19,2.00445296173e-13,1.8839214497e-12,1.37109817764e-10,0.228731327344,0.3,5.979e-10,5.98e-05
9.5,4.09028247997e-10,4.06777377415e-10,1.62786997034e-26,0.0,3.96114630812e-14,3.24066263179e-19,1.72408898199e-13,2.03884989671e-12,1.8922318173e-10,0.3158918749,0.3,5.979e-10,5.98e-05
9.6,3.483503547e-10,3.46063087187e-10,1.29135967728e-26,0.0,4.23419476016e-14,4.35813629411e-19,1.41386427022e-13,2.10353870317e-12,2.49901165853e-10,0.417376894631,0.3,5.979e-10,5.98e-05
9.7,2.83799073518e-10,2.8158689075e-10,9.70354822038e-27,0.0,4.3275543721e-14,5.60330014462e-19,1.10007117261e-13,2.05889954613e-12,3.14452560984e-10,0.525340234959,0.3,5.979e-10,5.98e-05
9.8,2.21309430666e-10,2.19275415228e-10,6.90878016759e-27,0.0,4.23142325244e-14,6.89143699147e-19,8.11559866604e-14,1.91054452988e-12,3.76942347072e-10,0.62985544294,0.3,5.979e-10,5.98e-05
9.9,1.66013287086e-10,1.64229503796e-10,4.68382372083e-27,0.0,3.97792175865e-14,8.14795935455e-19,5.69790361525e-14,1.68702422137e-12,4.32238670966e-10,0.722339376006,0.3,5.979e-10,5.98e-05
10.0,1.20757818713e-10,1.1925610071e-10,3.04849961027e-27,0.0,3.62432865467e-14,9.33542073421e-19,3.83307381787e-14,1.42714304451e-12,4.77494366557e-10,0.798030074072,0.3,5.979e-10,5.98e-05
2.0,5.98249631175e-10,5.94619465719e-10,3.59617534293e-12,3.39876557472e-14,1.39071526916e-21,3.28182892694e-34,2.45568676601e-18,8.37980016831e-25,7.24860290902e-22,-0.000584765303378,0.2,5.979e-10,5.98e-05
2.1,5.98249631083e-10,5.95237378845e-10,2.98927304975e-12,2.29759925544e-14,1.80839326428e-21,5.4291128612e-34,3.19320156195e-18,1.38614825006e-24,7.59866085121e-22,-0.000584765149337,0.2,5.979e-10,5.98e-05
2.2,5.98249631742e-10,5.95749836982e-10,2.48423289391e-12,1.55577244733e-14,2.34426402926e-21,8.94487976618e-34,4.13940914993e-18,2.28362957725e-24,7.98174492979e-22,-0.000584766252109,0.2,5.979e-10,5.98e-05
2.3,5.98249632839e-10,5.96173884222e-10,2.0651813918e-12,1.05618710557e-14,3.03025815987e-21,1.46819490774e-33,5.35068557018e-18,3.74809620362e-24,8.41793307325e-22,-0.000584768086131,0.2,5.979e-10,5.98e-05
2.4,5.98249634124e-10,5.9652433323e-10,1.71810019896e-12,7.19379283113e-15,3.90674206103e-21,2.4015433312e-33,6.89829868737e-18,6.13052175048e-24,8.93353564214e-22,-0.000584770235612,0.2,5.979e-10,5.98e-05
2.5,5.98249635416e-10,5.96813940434e-10,1.43076866632e-12,4.9174378616e-15,5.02475083301e-21,3.91587753562e-33,8.87234858286e-18,9.99583542437e-24,9.56106137538e-22,-0.000584772396328,0.2,5.979e-10,5.98e-05
2.6,5.98249636595e-10,5.97053534708e-10,1.19271725057e-12,3.37324328943e-15,6.44880746574e-21,6.36695067963e-33,1.13867418098e-17,1.62519884294e-23,1.0338526963e-21,-0.000584774368609,0.2,5.979e-10,5.98e-05
2.7,5.98249637595e-10,5.97252142025e-10,9.95159847431e-13,2.32112830172e-15,8.26046960286e-21,1.03257815299e-32,1.4585448102e-17,2.63562846695e-23,1.13087414681e-21,-0.000584776040703,0.2,5.979e-10,5.98e-05
2.8,5.98249638388e-10,5.97417151995e-10,8.3086660827e-13,1.60112394967e-15,1.05627840726e-20,1.67077953367e-32,1.86503563812e-17,4.26449019242e-23,1.25195801237e-21,-0.000584777367026,0.2,5.979e-10,5.98e-05
2.9,5.98249638973e-10,5.97554540929e-10,6.93967738435e-13,1.10648099366e-15,1.34858858642e-20,2.69789072738e-32,2.38111458484e-17,6.88587003809e-23,1.40260342143e-21,-0.000584778345633,0.2,5.979e-10,5.98e-05
3.0,5.98249639364e-10,5.97669125134e-10,5.79718243019e-13,7.65612106517e-16,1.71940482206e-20,4.34841653432e-32,3.03577102838e-17,1.10981648774e-22,1.58942882357e-21,-0.000584779000144,0.2,5.979e-10,5.98e-05
3.1,5.98249639584e-10,5.97764802663e-10,4.84268067055e-13,5.30176193166e-16,2.18945711672e-20,6.99715419651e-32,3.86558140844e-17,1.78576939332e-22,1.82078572812e-21,-0.00058477936797,0.2,5.979e-10,5.98e-05
3.2,5.98249639659e-10,5.97844755134e-10,4.04468033177e-13,3.67297115942e-16,2.78489921777e-20,1.12426341469e-31,4.91668256028e-17,2.86915097704e-22,2.1076128921e-21,-0.000584779493396,0.2,5.979e-10,5.98e-05
3.3,5.98249639617e-10,5.97911602457e-10,3.37720170066e-13,2.5448204792e-16,3.53872241414e-20,1.80399839246e-31,6.24725827929e-17,4.60361921997e-22,2.46462974714e-21,-0.000584779423555,0.2,5.979e-10,5.98e-05
3.4,5.98249639487e-10,5.97967516868e-10,2.81866992139e-13,1.76274359921e-16,4.49253808662e-20,2.89124063803e-31,7.93067120351e-17,7.37769668677e-22,2.91204885034e-21,-0.000584779205918,0.2,5.979e-10,5.98e-05
3.5,5.98249639297e-10,5.98014306777e-10,2.3510984545e-13,1.22021498048e-16,5.69882467448e-20,4.62876691936e-31,1.00594055156e-16,1.18105240559e-21,3.47809038235e-21,-0.000584778886955,0.2,5.979e-10,5.98e-05
3.6,5.98249639072e-10,5.9805347982e-10,1.95947309693e-13,8.43683131983e-17,7.22375938958e-20,7.40333326749e-31,1.27500275238e-16,1.88882069919e-21,4.20272972431e-21,-0.000584778511406,0.2,5.979e-10,5.98e-05
3.7,5.98249638839e-10,5.98086291957e-10,1.63127063581e-13,5.82302671044e-17,9.15078589194e-20,1.18307842068e-30,1.61494225405e-16,3.01805187983e-21,5.14333682112e-21,-0.00058477812227,0.2,5.979e-10,5.98e-05
3.8,5.98249638623e-10,5.98113787167e-10,1.35606820009e-13,4.00890639929e-17,1.15851078143e-19,1.88913507846e-30,2.04426297412e-16,4.81851737838e-21,6.38322508727e-21,-0.000584777761123,0.2,5.979e-10,5.98e-05
3.9,5.98249638449e-10,5.98136830663e-10,1.12521497287e-13,2.75075794756e-17,1.46593465835e-19,3.01446743686e-30,2.58626744822e-16,7.68745303205e-21,8.04469798734e-21,-0.000584777468827,0.2,5.979e-10,5.98e-05
4.0,5.9824963834e-10,5.98156137487e-10,9.31548305337e-14,1.87952190878e-17,1.85406632051e-19,4.80714433548e-30,3.2702893069e-16,1.22563336916e-20,1.03090887705e-20,-0.000584777286482,0.2,5.979e-10,5.98e-05
4.1,5.98249638322e-10,5.98172297611e-10,7.69143566008e-14,1.27770245206e-17,2.34397211249e-19,7.66160549708e-30,4.13323618423e-16,1.95285330907e-20,1.34477304562e-20,-0.000584777256733,0.2,5.979e-10,5.98e-05
4.2,5.98249638423e-10,5.98185798046e-10,6.33092629055e-14,8.6345314986e-18,2.96219654368e-19,1.22048376156e-29,5.22151843545e-16,3.10975829422e-20,1.7870078596e-20,-0.00058477742551,0.2,5.979e-10,5.98e-05
4.3,5.98249638673e-10,5.98197042106e-10,5.19310010968e-14,5.79625912561e-18,3.74218179626e-19,1.94331931304e-29,6.59345602758e-16,4.94930003167e-20,2.41988258204e-20,-0.000584777844228,0.2,5.979e-10,5.98e-05
4.4,5.98249639109e-10,5.98206365677e-10,4.24367899671e-14,3.86243752986e-18,4.72605445799e-19,3.09295684954e-29,8.32227585612e-16,7.87278485174e-20,3.33875654708e-20,-0.000584778572527,0.2,5.979e-10,5.98e-05
4.5,5.98249639772e-10,5.98214050375e-10,3.45361379616e-14,2.55323091792e-18,5.9668748503e-19,4.92080790601e-29,1.04998343056e-15,1.25164988617e-19,4.69056048609e-20,-0.000584779681582,0.2,5.979e-10,5.98e-05
4.6,5.98249640714e-10,5.98220333627e-10,2.7980339699e-14,1.67298454203e-18,7.53146909649e-19,7.82609939685e-29,1.32412243435e-15,1.98886166617e-19,6.70288392226e-20,-0.000584781257793,0.2,5.979e-10,5.98e-05
4.7,5.98249641999e-10,5.98225415957e-10,2.25546455282e-14,1.08535670728e-18,9.50399516734e-19,1.24426503133e-28,1.66904511678e-15,3.1585329012e-19,9.72982571584e-20,-0.000584783406996,0.2,5.979e-10,5.98e-05
4.8,5.98249643704e-10,5.98229465982e-10,1.80725879271e-14,6.9585885053e-19,1.19904332004e-18,1.97765353768e-28,2.10273823195e-15,5.01315438723e-19,1.43243543726e-19,-0.000584786258995,0.2,5.979e-10,5.98e-05
4.9,5.98249645925e-10,5.98232623706e-10,1.43718527173e-14,4.39487125574e-19,1.51242395197e-18,3.14244535719e-28,2.64761917883e-15,7.95170301081e-19,2.13526121827e-19,-0.000584789972451,0.2,5.979e-10,5.98e-05
5.0,5.98249648775e-10,5.98235002665e-10,1.13111190953e-14,2.71911277203e-19,1.90734656392e-18,4.99200822461e-28,3.33155138336e-15,1.26038309961e-18,3.2174609777e-19,-0.000584794739827,0.2,5.979e-10,5.98e-05
5.1,5.98249652394e-10,5.98236691361e-10,8.76741987922e-15,1.63194562469e-19,2.40497214456e-18,7.9283383127e-28,4.18904863406e-15,1.99617146528e-18,4.8930040057e-19,-0.000584800792006,0.2,5.979e-10,5.98e-05
5.2,5.98249656943e-10,5.98237754249e-10,6.63373306953e-15,9.33405217256e-20,3.03194598813e-18,1.25891718028e-27,5.26267728227e-15,3.15858603219e-18,7.49905750156e-19,-0.000584808401601,0.2,5.979e-10,5.98e-05
5.3,5.98249662612e-10,5.98238232441e-10,4.81666021417e-15,4.91677625253e-20,3.82181840103e-18,1.99861212754e-27,6.60464731526e-15,4.99250302941e-18,1.15675881147e-18,-0.000584817883324,0.2,5.979e-10,5.98e-05
5.4,5.98249669611e-10,5.98238144186e-10,3.23415290548e-15,2.21504141573e-20,4.81683328998e-18,3.17237109869e-27,8.27855185666e-15,7.88110196884e-18,1.7938744231e-18,-0.0005848295885,0.2,5.979e-10,5.98e-05
5.5,5.98249678161e-10,5.98237485184e-10,1.81331466426e-15,6.95847355418e-21,6.07017985505e-18,5.03466700972e-27,1.03611634392e-14,1.24218962185e-17,2.79404386207e-18,-0.00058484388896,0.2,5.979e-10,5.98e-05
5.6,5.98249688477e-10,5.98236228825e-10,4.88342683519e-16,5.04376828395e-22,7.64882725291e-18,7.98905591569e-27,1.29441170468e-14,1.95426384998e-17,4.36728324757e-18,-0.000584861142528,0.2,5.979e-10,5.98e-05
5.7,5.98249699571e-10,5.98233543668e-10,4.2039435323e-24,3.73878946546e-38,9.62561681306e-18,1.26553569794e-26,1.6115650676e-14,3.0626955913e-17,6.8920459543e-18,-0.000584879697789,0.2,5.979e-10,5.98e-05
5.8,5.98249713862e-10,5.98229658815e-10,1.50488220058e-24,4.79480018989e-39,1.21034058343e-17,2.00253766929e-26,1.9995123253e-14,4.78197568842e-17,1.09208393503e-17,-0.000584903598531,0.2,5.979e-10,5.98e-05
5.9,5.98249729883e-10,5.98224913869e-10,8.61459280671e-25,1.57257441382e-39,1.52175591511e-17,3.16833937179e-26,2.47263822716e-14,7.44144853819e-17,1.72946904463e-17,-0.000584930395426,0.2,5.979e-10,5.98e-05
6.0,5.9824974699e-10,5.98219158067e-10,5.7326303804e-25,6.97034788897e-40,1.91310911284e-17,5.01217300618e-26,3.04544608166e-14,1.15331375077e-16,2.73734605777e-17,-0.000584959006491,0.2,5.979e-10,5.98e-05
6.1,5.98249763777e-10,5.98212233478e-10,4.11046744382e-25,3.58725904741e-40,2.40486997283e-17,7.92799766496e-26,3.7328372156e-14,1.77877595128e-16,4.33027942912e-17,-0.000584987082623,0.2,5.979e-10,5.98e-05
6.2,5.98249777578e-10,5.98203984225e-10,3.08373937861e-25,2.02114553677e-40,3.02274585856e-17,1.25384982377e-25,4.54903703943e-14,2.7275561232e-16,6.84666160711e-17,-0.000585010166342,0.2,5.979e-10,5.98e-05
6.3,5.98249783684e-10,5.98194269623e-10,2.38719398032e-25,1.21256767139e-40,3.79902924564e-17,1.98278597172e-25,5.50606823054e-14,4.15389182638e-16,1.0819947925e-16,-0.000585020378797,0.2,5.979e-10,5.98e-05
6.4,5.98249770488e-10,5.98182977118e-10,1.89319871566e-25,0.0,4.77429796651e-17,3.13516957379e-25,6.61180286793e-14,6.27598466561e-16,1.70907888689e-16,-0.000584998308129,0.2,5.979e-10,5.98e-05
6.5,5.98249732186e-10,5.98170054958e-10,1.53222139383e-25,0.0,5.99956258968e-17,4.95690811669e-25,7.86776108117e-14,9.39621581826e-16,2.69835569791e-16,-0.000584934246756,0.2,5.979e-10,5.98e-05
6.6,5.98249643982e-10,5.98155506191e-10,1.26287599948e-25,0.0,7.53897928197e-17,7.83679127515e-25,9.26699642773e-14,1.39243635274e-15,4.25843239789e-16,-0.000584786722983,0.2,5.979e-10,5.98e-05
6.7,5.9824947226e-10,5.98139411535e-10,1.05886029783e-25,0.0,9.47327722663e-17,1.23896500702e-24,1.07925690868e-13,2.04030152572e-15,6.7178782973e-16,-0.000584499515149,0.2,5.979e-10,5.98e-05
6.8,5.98249163993e-10,5.98121919847e-10,9.02608032967e-26,0.0,1.19040849623e-16,1.95880363107e-24,1.24171664464e-13,2.95344039829e-15,1.05942503433e-15,-0.000583983931345,0.2,5.979e-10,5.98e-05
6.9,5.98248635901e-10,5.98103222419e-10,7.81932882189e-26,0.0,1.49593848604e-16,3.09707919769e-24,1.4104302636e-13,4.22086174257e-15,1.67029490545e-15,-0.000583100686803,0.2,5.979e-10,5.98e-05
7.0,5.98247757416e-10,5.98083504129e-10,6.88129101929e-26,0.0,1.88003802046e-16,4.89734696204e-24,1.58111820155e-13,5.95346248799e-15,2.63289672057e-15,-0.00058163140315,0.2,5.979e-10,5.98e-05
7.1,5.98246323775e-10,5.9806287139e-10,6.1483425548e-26,0.0,2.3630130004e-16,7.74518449545e-24,1.74928327679e-13,8.28775588981e-15,4.14979580388e-15,-0.000579233608591,0.2,5.979e-10,5.98e-05
7.2,5.98244013457e-10,5.98041258698e-10,5.57315168093e-26,0.0,2.97043975269e-16,1.22511383938e-23,1.91066959236e-13,1.13907558682e-14,6.54041361959e-15,-0.000575369554566,0.2,5.979e-10,5.98e-05
7.3,5.98240320845e-10,5.98018313803e-10,5.12001165722e-26,0.0,3.73452746249e-16,1.93821438874e-23,2.06166930663e-13,1.5466659126e-14,1.03085778413e-14,-0.000569193586319,0.2,5.979e-10,5.98e-05
7.4,5.98234449745e-10,5.97993254426e-10,4.76168280132e-26,0.0,4.69582897234e-16,3.06697312608e-23,2.19959758137e-13,2.07659773838e-14,1.62491507569e-14,-0.000559374050604,0.2,5.979e-10,5.98e-05
7.5,5.98225145164e-10,5.97964677009e-10,4.47719226706e-26,0.0,5.90538867253e-16,4.85398528033e-23,2.32279901413e-13,2.75977151118e-14,2.56163111251e-14,-0.000543811949109,0.2,5.979e-10,5.98e-05
7.6,5.98210427799e-10,5.97930280277e-10,4.25026223126e-26,0.0,7.42743782806e-16,7.6835298925e-23,2.43059648728e-13,3.63451298493e-14,4.03890580917e-14,-0.00051919685482,0.2,5.979e-10,5.98e-05
7.7,5.98187178071e-10,5.97886445592e-10,4.06816198439e-26,0.0,9.34277087579e-16,1.21642942044e-22,2.5231261109e-13,4.74855906761e-14,6.36899046516e-14,-0.000480311208065,0.2,5.979e-10,5.98e-05
7.8,5.98150464663e-10,5.97827562311e-10,3.92085708593e-26,0.0,1.17529792294e-15,1.92603494879e-22,2.60111830421e-13,6.1615223089e-14,1.00444859207e-13,-0.00041890727999,0.2,5.979e-10,5.98e-05
7.9,5.98092522422e-10,5.97744998581e-10,3.80036043182e-26,0.0,1.47857121935e-15,3.04983608252e-22,2.66566434969e-13,7.94788340696e-14,1.58422578911e-13,-0.000321997694638,0.2,5.979e-10,5.98e-05
8.0,5.98001106541e-10,5.97625439148e-10,3.70023682948e-26,0.0,1.86012189799e-15,4.82952373397e-22,2.71801188665e-13,1.02006082006e-13,2.49868935579e-13,-0.000169102761955,0.2,5.979e-10,5.98e-05
8.1,5.9785692809e-10,5.97448294175e-10,3.61521168805e-26,0.0,2.34003879118e-15,7.64755716428e-22,2.75939543136e-13,1.3035433218e-13,3.94073453661e-13,7.20386520166e-05,0.2,5.979e-10,5.98e-05
8.2,5.97629635179e-10,5.97181642931e-10,3.54085585537e-26,0.0,2.94345034176e-15,1.2108737858e-21,2.7909046772e-13,1.65958329083e-13,6.21388979502e-13,0.000452190701948,0.2,5.979e-10,5.98e-05
8.3,5.97271539697e-10,5.96775914445e-10,3.47332257837e-26,0.0,3.70168226749e-15,1.91684565442e-21,2.81338079154e-13,2.10585488582e-13,9.79504481369e-13,0.00105111273267,0.2,5.979e-10,5.98e-05
8.4,5.96707881385e-10,5.96154102187e-10,3.40911767205e-26,0.0,4.65357838106e-15,3.03334565415e-21,2.82732642418e-13,2.66392973902e-13,1.54318072155e-12,0.00199384280891,0.2,5.979e-10,5.98e-05
8.5,5.9582184357e-10,5.95196737858e-10,3.34488711363e-26,0.0,5.84690019205e-15,4.79740161278e-21,2.83281273569e-13,3.35977533194e-13,2.42923618703e-12,0.00347575920805,0.2,5.979e-10,5.98e-05
8.6,5.94431774358e-10,5.93719098854e-10,3.27720893165e-26,0.0,7.33958480662e-15,7.58042661665e-21,2.82936565741e-13,4.22399345942e-13,3.81932259548e-12,0.00580067844424,0.2,5.979e-10,5.98e-05
8.7,5.92257263676e-10,5.91437338274e-10,3.20238031397e-26,0.0,9.20037432823e-15,1.19608779612e-20,2.81581399008e-13,5.29143616076e-13,5.99385121014e-12,0.00943759211276,0.2,5.979e-10,5.98e-05
8.8,5.88870222625e-10,5.87919752582e-10,3.11619932801e-26,0.0,1.15078359676e-14,1.88311778211e-20,2.790085591e-13,6.59953628645e-13,9.38091183847e-12,0.0151024876658,0.2,5.979e-10,5.98e-05
8.9,5.83628129447e-10,5.82520466798e-10,3.01376029858e-26,0.0,1.43459401394e-14,2.9547917592e-20,2.74895144037e-13,8.1842153532e-13,1.46230272515e-11,0.0238699959071,0.2,5.979e-10,5.98e-05
9.0,5.75591707161e-10,5.74297980067e-10,2.88932355525e-26,0.0,1.77930549742e-14,4.61261089724e-20,2.68775341096e-13,1.00715865115e-12,2.26594755945e-11,0.0373110768346,0.2,5.979e-10,5.98e-05
9.1,5.63443598527e-10,5.61935367004e-10,2.73639915042e-26,0.0,2.18996405144e-14,7.14516685404e-20,2.60023231759e-13,1.22630858012e-12,3.48076154744e-11,0.0576290374187,0.2,5.979e-10,5.98e-05
9.2,5.45455320287e-10,5.43709600586e-10,2.54830678933e-26,0.0,2.66492357016e-14,1.09424812272e-19,2.47872199279e-13,1.47119815705e-12,5.27959317968e-11,0.087714801326,0.2,5.979e-10,5.98e-05
9.3,5.19599851248e-10,5.1760719059e-10,2.31959558986e-26,0.0,3.19008192199e-14,1.64839297168e-19,2.3151782275e-13,1.72924185211e-12,7.86514477592e-11,0.13095860303,0.2,5.979e-10,5.98e-05
9.4,4.8395346835e-10,4.81728666888e-10,2.04864329078e-26,0.0,3.73242210962e-14,2.42686251081e-19,2.10361001022e-13,1.97711599721e-12,1.14297888897e-10,0.190577908764,0.2,5.979e-10,5.98e-05
9.5,4.37487922531e-10,4.35080439202e-10,1.74113562053e-26,0.0,4.23675790552e-14,3.46614387367e-19,1.84404892856e-13,2.18071051e-12,1.60763507347e-10,0.268292486151,0.2,5.979e-10,5.98e-05
9.6,3.81090916378e-10,3.78588674442e-10,1.4127317064e-26,0.0,4.63215591268e-14,4.76774638883e-19,1.54674975732e-13,2.30124492362e-12,2.17160604382e-10,0.362617634424,0.2,5.979e-10,5.98e-05
9.7,3.18197713963e-10,3.15717397573e-10,1.08796964001e-26,0.0,4.85208737997e-14,6.28246338358e-19,1.23340828903e-13,2.30845405866e-12,2.80053920795e-10,0.467807804043,0.2,5.979e-10,5.98e-05
9.8,2.54258179137e-10,2.51921337658e-10,7.93736762379e-27,0.0,4.86140136188e-14,7.91744033577e-19,9.32385627706e-14,2.19498811114e-12,3.43993598888e-10,0.574747986056,0.2,5.979e-10,5.98e-05
9.9,1.94988116962e-10,1.92893004286e-10,5.50130755254e-27,0.0,4.6722011506e-14,9.57004871989e-19,6.69237690985e-14,1.98146593849e-12,4.03263841382e-10,0.67387837939,0.2,5.979e-10,5.98e-05
10.0,1.44474157851e-10,1.42677508617e-10,3.64721293115e-27,0.0,4.33613189269e-14,1.11688589539e-18,4.58587373175e-14,1.70742806043e-12,4.53778027691e-10,0.758364010954,0.2,5.979e-10,5.98e-05
2.0,5.98249631175e-10,5.94619465719e-10,3.59617534293e-12,3.39876557472e-14,1.39071526916e-21,3.28182892694e-34,2.45568676601e-18,8.37980016831e-25,5.75776995294e-22,-0.000584765303628,0.1,5.979e-10,5.98e-05
2.1,5.98249631083e-10,5.95237378846e-10,2.98927304976e-12,2.29759925544e-14,1.80839326428e-21,5.4291128612e-34,3.19320156195e-18,1.38614825006e-24,6.03583086021e-22,-0.000584765149599,0.1,5.979e-10,5.98e-05
2.2,5.98249631742e-10,5.95749836982e-10,2.48423289391e-12,1.55577244733e-14,2.34426402926e-21,8.94487976618e-34,4.13940914993e-18,2.28362957725e-24,6.3401253601e-22,-0.00058476625238,0.1,5.979e-10,5.98e-05
2.3,5.98249632839e-10,5.96173884222e-10,2.0651813918e-12,1.05618710557e-14,3.03025815987e-21,1.46819490774e-33,5.35068557018e-18,3.74809620362e-24,6.6866019181e-22,-0.000584768086421,0.1,5.979e-10,5.98e-05
2.4,5.98249634124e-10,5.9652433323e-10,1.71810019897e-12,7.19379283113e-15,3.90674206103e-21,2.4015433312e-33,6.89829868738e-18,6.13052175048e-24,7.09615959647e-22,-0.000584770235919,0.1,5.979e-10,5.98e-05
2.5,5.98249635416e-10,5.96813940434e-10,1.43076866632e-12,4.9174378616e-15,5.02475083301e-21,3.91587753562e-33,8.87234858286e-18,9.99583542437e-24,7.5946210044e-22,-0.000584772396655,0.1,5.979e-10,5.98e-05
2.6,5.98249636595e-10,5.97053534708e-10,1.19271725057e-12,3.37324328943e-15,6.44880746574e-21,6.36695067964e-33,1.13867418098e-17,1.62519884294e-23,8.21218387219e-22,-0.000584774368965,0.1,5.979e-10,5.98e-05
2.7,5.98249637595e-10,5.97252142026e-10,9.95159847432e-13,2.32112830172e-15,8.26046960286e-21,1.03257815299e-32,1.4585448102e-17,2.63562846695e-23,8.98285264732e-22,-0.000584776041092,0.1,5.979e-10,5.98e-05
2.8,5.98249638388e-10,5.97417151995e-10,8.3086660827e-13,1.60112394967e-15,1.05627840726e-20,1.67077953367e-32,1.86503563812e-17,4.26449019242e-23,9.94465597913e-22,-0.000584777367456,0.1,5.979e-10,5.98e-05
2.9,5.98249638973e-10,5.97554540929e-10,6.93967738436e-13,1.10648099366e-15,1.34858858642e-20,2.69789072738e-32,2.38111458484e-17,6.88587003809e-23,1.11412749977e-21,-0.00058477834612,0.1,5.979e-10,5.98e-05
3.0,5.98249639365e-10,5.97669125134e-10,5.79718243019e-13,7.65612106517e-16,1.71940482206e-20,4.34841653432e-32,3.03577102838e-17,1.10981648774e-22,1.26252819164e-21,-0.000584779000688,0.1,5.979e-10,5.98e-05
3.1,5.98249639584e-10,5.97764802663e-10,4.84268067055e-13,5.30176193166e-16,2.18945711672e-20,6.99715419651e-32,3.86558140845e-17,1.78576939332e-22,1.44630151323e-21,-0.000584779368592,0.1,5.979e-10,5.98e-05
3.2,5.9824963966e-10,5.97844755134e-10,4.04468033177e-13,3.67297115942e-16,2.78489921778e-20,1.12426341469e-31,4.91668256028e-17,2.86915097704e-22,1.67413642807e-21,-0.00058477949412,0.1,5.979e-10,5.98e-05
3.3,5.98249639618e-10,5.97911602457e-10,3.37720170066e-13,2.54482047921e-16,3.53872241414e-20,1.80399839246e-31,6.2472582793e-17,4.60361921997e-22,1.95772499629e-21,-0.000584779424402,0.1,5.979e-10,5.98e-05
3.4,5.98249639488e-10,5.97967516869e-10,2.81866992139e-13,1.76274359921e-16,4.49253808662e-20,2.89124063803e-31,7.93067120352e-17,7.37769668677e-22,2.31312262273e-21,-0.000584779206924,0.1,5.979e-10,5.98e-05
3.5,5.98249639297e-10,5.98014306778e-10,2.3510984545e-13,1.22021498048e-16,5.69882467449e-20,4.62876691936e-31,1.00594055156e-16,1.18105240559e-21,2.76274539363e-21,-0.00058477888815,0.1,5.979e-10,5.98e-05
3.6,5.98249639073e-10,5.9805347982e-10,1.95947309693e-13,8.43683131985e-17,7.22375938959e-20,7.4033332675e-31,1.27500275238e-16,1.88882069919e-21,3.33834688294e-21,-0.000584778512855,0.1,5.979e-10,5.98e-05
3.7,5.9824963884e-10,5.98086291958e-10,1.63127063582e-13,5.82302671045e-17,9.15078589195e-20,1.18307842068e-30,1.61494225405e-16,3.01805187984e-21,4.08549765772e-21,-0.000584778124039,0.1,5.979e-10,5.98e-05
3.8,5.98249638625e-10,5.98113787169e-10,1.3560682001e-13,4.00890639929e-17,1.15851078143e-19,1.88913507847e-30,2.04426297412e-16,4.81851737839e-21,5.07037591543e-21,-0.000584777763321,0.1,5.979e-10,5.98e-05
3.9,5.9824963845e-10,5.98136830664e-10,1.12521497287e-13,2.75075794757e-17,1.46593465836e-19,3.01446743686e-30,2.58626744823e-16,7.68745303208e-21,6.39013075119e-21,-0.000584777471594,0.1,5.979e-10,5.98e-05
4.0,5.98249638342e-10,5.98156137489e-10,9.31548305341e-14,1.87952190879e-17,1.85406632051e-19,4.8071443355e-30,3.27028930691e-16,1.22563336916e-20,8.18880028475e-21,-0.00058477729003,0.1,5.979e-10,5.98e-05
4.1,5.98249638325e-10,5.98172297613e-10,7.69143566012e-14,1.27770245206e-17,2.3439721125e-19,7.66160549712e-30,4.13323618425e-16,1.95285330908e-20,1.06819119944e-20,-0.000584777261357,0.1,5.979e-10,5.98e-05
4.2,5.98249638426e-10,5.9818579805e-10,6.33092629059e-14,8.63453149865e-18,2.96219654369e-19,1.22048376157e-29,5.22151843548e-16,3.10975829424e-20,1.41947079856e-20,-0.000584777431657,0.1,5.979e-10,5.98e-05
4.3,5.98249638678e-10,5.98197042111e-10,5.19310010973e-14,5.79625912566e-18,3.74218179629e-19,1.94331931306e-29,6.59345602764e-16,4.94930003171e-20,1.92218105965e-20,-0.000584777852549,0.1,5.979e-10,5.98e-05
4.4,5.98249639115e-10,5.98206365684e-10,4.24367899676e-14,3.86243752991e-18,4.72605445805e-19,3.09295684957e-29,8.32227585621e-16,7.87278485183e-20,2.65206859425e-20,-0.000584778584015,0.1,5.979e-10,5.98e-05
4.5,5.98249639781e-10,5.98214050385e-10,3.45361379621e-14,2.55323091796e-18,5.96687485039e-19,4.92080790609e-29,1.04998343057e-15,1.25164988619e-19,3.72584463084e-20,-0.000584779697715,0.1,5.979e-10,5.98e-05
4.6,5.98249640728e-10,5.98220333641e-10,2.79803396996e-14,1.67298454206e-18,7.53146909666e-19,7.82609939703e-29,1.32412243438e-15,1.98886166621e-19,5.32428995365e-20,-0.000584781280851,0.1,5.979e-10,5.98e-05
4.7,5.98249642019e-10,5.98225415977e-10,2.2554645529e-14,1.08535670731e-18,9.50399516766e-19,1.24426503137e-28,1.66904511683e-15,3.1585329013e-19,7.7286752853e-20,-0.000584783440469,0.1,5.979e-10,5.98e-05
4.8,5.98249643734e-10,5.98229466011e-10,1.8072587928e-14,6.95858850564e-19,1.1990433201e-18,1.97765353778e-28,2.10273823206e-15,5.01315438747e-19,1.13782391229e-19,-0.000584786308274,0.1,5.979e-10,5.98e-05
4.9,5.98249645968e-10,5.98232623749e-10,1.43718527184e-14,4.39487125606e-19,1.51242395208e-18,3.14244535742e-28,2.64761917902e-15,7.95170301139e-19,1.6960982743e-19,-0.0005847900459,0.1,5.979e-10,5.98e-05
5.0,5.98249648841e-10,5.98235002731e-10,1.13111190965e-14,2.71911277233e-19,1.90734656413e-18,4.99200822517e-28,3.33155138373e-15,1.26038309975e-18,2.55572009899e-19,-0.000584794850508,0.1,5.979e-10,5.98e-05
5.1,5.98249652494e-10,5.98236691461e-10,8.76741988069e-15,1.63194562497e-19,2.40497214496e-18,7.92833831404e-28,4.18904863476e-15,1.99617146562e-18,3.886651235e-19,-0.000584800960318,0.1,5.979e-10,5.98e-05
5.2,5.98249657098e-10,5.98237754403e-10,6.63373307124e-15,9.33405217497e-20,3.03194598892e-18,1.25891718061e-27,5.26267728362e-15,3.158586033e-18,5.95671310884e-19,-0.000584808659562,0.1,5.979e-10,5.98e-05
5.3,5.9824966285e-10,5.98238232679e-10,4.81666021608e-15,4.91677625449e-20,3.82181840255e-18,1.99861212834e-27,6.60464731789e-15,4.9925030314e-18,9.18846185081e-19,-0.000584818281236,0.1,5.979e-10,5.98e-05
5.4,5.9824966998e-10,5.98238144555e-10,3.23415290748e-15,2.2150414171e-20,4.81683329295e-18,3.17237110064e-27,8.27855186176e-15,7.8811019737e-18,1.4249251047e-18,-0.000584830205575,0.1,5.979e-10,5.98e-05
5.5,5.98249678736e-10,5.98237485759e-10,1.81331466601e-15,6.95847356087e-21,6.07017986088e-18,5.03466701455e-27,1.03611634492e-14,1.24218962304e-17,2.21938793084e-18,-0.000584844850084,0.1,5.979e-10,5.98e-05
5.6,5.98249689375e-10,5.98236229724e-10,4.88342684254e-16,5.04376829155e-22,7.6488272644e-18,7.98905592768e-27,1.29441170662e-14,1.95426385292e-17,3.46905639779e-18,-0.000584862644833,0.1,5.979e-10,5.98e-05
5.7,5.98249700989e-10,5.98233545086e-10,4.20394354228e-24,3.73878947435e-38,9.62561683586e-18,1.26553570093e-26,1.61156507142e-14,3.06269559855e-17,5.47454670949e-18,-0.000584882068582,0.1,5.979e-10,5.98e-05
5.8,5.98249716108e-10,5.98229661061e-10,1.50488220624e-24,4.79480020791e-39,1.21034058798e-17,2.00253767681e-26,1.99951233281e-14,4.78197570637e-17,8.67473107539e-18,-0.000584907355191,0.1,5.979e-10,5.98e-05
5.9,5.9824973344e-10,5.98224917426e-10,8.61459285794e-25,1.57257442318e-39,1.52175592416e-17,3.16833939062e-26,2.47263824186e-14,7.44144858243e-17,1.3737661014e-17,-0.000584936344629,0.1,5.979e-10,5.98e-05
6.0,5.9824975262e-10,5.98219163696e-10,5.73263043435e-25,6.97034795458e-40,1.91310913085e-17,5.01217305335e-26,3.04544611032e-14,1.15331376162e-16,2.17435128236e-17,-0.000584968422692,0.1,5.979e-10,5.98e-05
6.1,5.98249772683e-10,5.98212242384e-10,4.11046750502e-25,3.58725910083e-40,2.40487000863e-17,7.92799778299e-26,3.73283727117e-14,1.77877597776e-16,3.439663266e-17,-0.000585001978361,0.1,5.979e-10,5.98e-05
6.2,5.9824979166e-10,5.98203998306e-10,3.0837394512e-25,2.02114558435e-40,3.02274592971e-17,1.25384985329e-25,4.54903714651e-14,2.7275561874e-16,5.43849675615e-17,-0.000585033718187,0.1,5.979e-10,5.98e-05
6.3,5.98249805938e-10,5.98194291874e-10,2.38719406912e-25,1.2125677165e-40,3.79902938695e-17,1.98278604547e-25,5.50606843535e-14,4.15389198089e-16,8.59459045478e-17,-0.000585057598357,0.1,5.979e-10,5.98e-05
6.4,5.98249805639e-10,5.98183012265e-10,1.8931988269e-25,0.0,4.77429824703e-17,3.135169758e-25,6.61180325641e-14,6.27598503436e-16,1.35756969499e-16,-0.000585057098647,0.1,5.979e-10,5.98e-05
6.5,5.98249787684e-10,5.98170110448e-10,1.53222153597e-25,0.0,5.99956314624e-17,4.95690857652e-25,7.86776181104e-14,9.39621668991e-16,2.14338031702e-16,-0.000585027067342,0.1,5.979e-10,5.98e-05
6.6,5.98249731565e-10,5.98155593761e-10,1.26287618437e-25,0.0,7.53898038568e-17,7.83679242247e-25,9.26699778442e-14,1.39243655659e-15,3.38259358453e-16,-0.000584933208517,0.1,5.979e-10,5.98e-05
6.7,5.98249610427e-10,5.98139549677e-10,1.05886054238e-25,0.0,9.47327941451e-17,1.23896529316e-24,1.07925715794e-13,2.04030199694e-15,5.33620164142e-16,-0.000584730602899,0.1,5.979e-10,5.98e-05
6.8,5.98249381886e-10,5.98122137694e-10,9.0260836172e-26,0.0,1.1904089298e-16,1.9588043445e-24,1.2417170969e-13,2.95344147399e-15,8.41531523846e-16,-0.000584348361883,0.1,5.979e-10,5.98e-05
6.9,5.98248979432e-10,5.98103565866e-10,7.81933331205e-26,0.0,1.49593934505e-16,3.09708097612e-24,1.41043107351e-13,4.22086416631e-15,1.3267631656e-15,-0.000583675249333,0.1,5.979e-10,5.98e-05
7.0,5.98248298925e-10,5.9808404549e-10,6.88129724806e-26,0.0,1.88003972219e-16,4.89735139492e-24,1.58111963271e-13,5.95346787682e-15,2.09138609733e-15,-0.000582537088562,0.1,5.979e-10,5.98e-05
7.1,5.98247177264e-10,5.98063724617e-10,6.14835132648e-26,0.0,2.3630163716e-16,7.74519554514e-24,1.7492857724e-13,8.28776771354e-15,3.29630467812e-15,-0.000580661086386,0.1,5.979e-10,5.98e-05
7.2,5.9824535862e-10,5.98042603405e-10,5.57316421245e-26,0.0,2.97044643178e-16,1.22511659407e-23,1.91067388853e-13,1.13907814805e-14,5.19524688661e-15,-0.000577619367613,0.1,5.979e-10,5.98e-05
7.3,5.98242440994e-10,5.98020433165e-10,5.12002980265e-26,0.0,3.73454069756e-16,1.93822125772e-23,2.06167661314e-13,1.54667139395e-14,8.18842345915e-15,-0.000572739578378,0.1,5.979e-10,5.98e-05
7.4,5.98237791655e-10,5.97996594989e-10,4.76170940178e-26,0.0,4.69585520459e-16,3.06699025907e-23,2.19960986895e-13,2.07660933885e-14,1.29072313409e-14,-0.000564963463645,0.1,5.979e-10,5.98e-05
7.5,5.98230413522e-10,5.97969943072e-10,4.47723169656e-26,0.0,5.90544067919e-16,4.85402802766e-23,2.3228194702e-13,2.75979581551e-14,2.03479383949e-14,-0.000552623384804,0.1,5.979e-10,5.98e-05
7.6,5.98218734218e-10,5.97938582805e-10,4.25032124868e-26,0.0,7.42754096133e-16,7.68363658173e-23,2.43063023719e-13,3.63456345175e-14,3.20826146993e-14,-0.000533089509354,0.1,5.979e-10,5.98e-05
7.7,5.98200276179e-10,5.97899537115e-10,4.06825106315e-26,0.0,9.34297544822e-16,1.21645605579e-22,2.52318135811e-13,4.74866304365e-14,5.05917973023e-14,-0.000502218060957,0.1,5.979e-10,5.98e-05
7.8,5.98171120516e-10,5.97848207013e-10,3.92099248583e-26,0.0,1.17533850935e-15,1.9261014603e-22,2.60120812823e-13,6.16173508379e-14,7.97889429969e-14,-0.000453454617443,0.1,5.979e-10,5.98e-05
7.9,5.98125098707e-10,5.97777555938e-10,3.8005674278e-26,0.0,1.47865175263e-15,3.05000219782e-22,2.66580954041e-13,7.94831630427e-14,1.25846381668e-13,-0.000376482200065,0.1,5.979e-10,5.98e-05
8.0,5.98052480475e-10,5.97676780809e-10,3.70055471771e-26,0.0,1.86028169999e-15,4.82993863555e-22,2.71824538947e-13,1.02014845289e-13,1.98495001944e-13,-0.0002550267185,0.1,5.979e-10,5.98e-05
8.1,5.97937935459e-10,5.97529246175e-10,3.61570154016e-26,0.0,2.34035585762e-15,7.64859337943e-22,2.75976931904e-13,1.303719947e-13,3.13066085091e-13,-6.34478315831e-05,0.1,5.979e-10,5.98e-05
8.2,5.9775733188e-10,5.97309243908e-10,3.54161244383e-26,0.0,2.94407927454e-15,1.21113251555e-21,2.79150101522e-13,1.6599378972e-13,4.93692278722e-13,0.00023861535366,0.1,5.979e-10,5.98e-05
8.3,5.97472734018e-10,5.96976941812e-10,3.47449259721e-26,0.0,3.70292920012e-15,1.91749135471e-21,2.81432849478e-13,2.10656425493e-13,7.7831016021e-13,0.000714611108525,0.1,5.979e-10,5.98e-05
8.4,5.97024619745e-10,5.96470546596e-10,3.4109272802e-26,0.0,4.65604854561e-15,3.0349557834e-21,2.82882719681e-13,2.66534377905e-13,1.22644269241e-12,0.0014640914116,0.1,5.979e-10,5.98e-05
8.5,5.96319855987e-10,5.95694227786e-10,3.34768293171e-26,0.0,5.85178727143e-15,4.80141147802e-21,2.83518051689e-13,3.36258357003e-13,1.93122376919e-12,0.00264282323641,0.1,5.979e-10,5.98e-05
8.6,5.9521331238e-10,5.94499699875e-10,3.28151772673e-26,0.0,7.34923463415e-15,7.59039309421e-21,2.83308560757e-13,4.22954701686e-13,3.03778457436e-12,0.00449354009034,0.1,5.979e-10,5.98e-05
8.7,5.93480198436e-10,5.92658579994e-10,3.20899286949e-26,0.0,9.21937191139e-15,1.19855756267e-20,2.82162828161e-13,5.30236229143e-13,4.77091645172e-12,0.00739220867114,0.1,5.979e-10,5.98e-05
8.8,5.9077550163e-10,5.89821956359e-10,3.1262818146e-26,0.0,1.15450693607e-14,1.88921057512e-20,2.79911286163e-13,6.62088896418e-13,7.47563283568e-12,0.0119158694933,0.1,5.979e-10,5.98e-05
8.9,5.86576983569e-10,5.85463724317e-10,3.02898781598e-26,0.0,1.44184247904e-14,2.96972121251e-20,2.7628408597e-13,8.2255671189e-13,1.16741731343e-11,0.0189379769707,0.1,5.979e-10,5.98e-05
9.0,5.80110804474e-10,5.78806920045e-10,2.9120084377e-26,0.0,1.79327521581e-14,4.64882551785e-20,2.70885555271e-13,1.01506607449e-12,1.81403782907e-11,0.0297527939896,0.1,5.979e-10,5.98e-05
9.1,5.70267673239e-10,5.68741174966e-10,2.76954092803e-26,0.0,2.21648751749e-14,7.23170461503e-20,2.63172469339e-13,1.24116085674e-12,2.79835407794e-11,0.0462156326485,0.1,5.979e-10,5.98e-05
9.2,5.55538681386e-10,5.53760690078e-10,2.5954154417e-26,0.0,2.71418770546e-14,1.11447654009e-19,2.52454397884e-13,1.49839492215e-12,4.27125707285e-11,0.0708501732964,0.1,5.979e-10,5.98e-05
9.3,5.34039970907e-10,5.31991932529e-10,2.38405949972e-26,0.0,3.27873699265e-14,1.6942032034e-19,2.37951898295e-13,1.77729894043e-12,6.42113281532e-11,0.106807207046,0.1,5.979e-10,5.98e-05
9.4,5.03747825112e-10,5.01432026248e-10,2.13243604133e-26,0.0,3.88508325381e-14,2.52612448843e-19,2.18965051905e-13,2.05798272726e-12,9.45035322217e-11,0.157471441525,0.1,5.979e-10,5.98e-05
9.5,4.63081722724e-10,4.60533397473e-10,1.84299553357e-26,0.0,4.48461555761e-14,3.66891927068e-19,1.95192897002e-13,2.30828583199e-12,1.35169707288e-10,0.225486330951,0.1,5.979e-10,5.98e-05
9.6,4.11837454779e-10,4.09133331176e-10,1.52671178929e-26,0.0,5.00587973238e-14,5.15240968535e-19,1.67154201706e-13,2.4869100891e-12,1.86414066173e-10,0.311193419001,0.1,5.979e-10,5.98e-05
9.7,3.52097219545e-10,3.49352660239e-10,1.20387789765e-26,0.0,5.36900924855e-14,6.95177174814e-19,1.36481064089e-13,2.5543874541e-12,2.46154415464e-10,0.411110186411,0.1,5.979e-10,5.98e-05
9.8,2.88359716162e-10,2.85709453574e-10,9.00194315108e-27,0.0,5.51342071531e-14,8.97934078207e-19,1.05743875705e-13,2.48938360718e-12,3.09892062158e-10,0.517712466696,0.1,5.979e-10,5.98e-05
9.9,2.26371524024e-10,2.23939202234e-10,6.38674635058e-27,0.0,5.42419357767e-14,1.11103514332e-18,7.76951730789e-14,2.30038357002e-12,3.71880434635e-10,0.621388988085,0.1,5.979e-10,5.98e-05
10.0,1.71178491153e-10,1.69049752648e-10,4.32135765994e-27,0.0,5.13761439447e-14,1.32332899236e-18,5.4335180269e-14,2.0230258574e-12,4.27073694693e-10,0.713700466378,0.1,5.979e-10,5.98e-05
2.0,5.98249631175e-10,5.94619465719e-10,3.59617534293e-12,3.39876557472e-14,1.39071526916e-21,3.28182892694e-34,2.45568676604e-18,8.37980016841e-25,4.57355924267e-22,-0.000584765303763,0.0,5.979e-10,5.98e-05
2.1,5.98249631083e-10,5.95237378846e-10,2.98927304975e-12,2.29759925544e-14,1.80839326428e-21,5.4291128612e-34,3.19320156219e-18,1.38614825016e-24,4.79443087229e-22,-0.000584765149439,0.0,5.979e-10,5.98e-05
2.2,5.98249631742e-10,5.95749836982e-10,2.48423289391e-12,1.55577244733e-14,2.34426402926e-21,8.94487976618e-34,4.13940915048e-18,2.28362957756e-24,5.03614058521e-22,-0.000584766251921,0.0,5.979e-10,5.98e-05
2.3,5.98249632838e-10,5.96173884222e-10,2.0651813918e-12,1.05618710557e-14,3.03025815987e-21,1.46819490774e-33,5.35068557123e-18,3.74809620436e-24,5.3113566979e-22,-0.00058476808566,0.0,5.979e-10,5.98e-05
2.4,5.98249634123e-10,5.96524333229e-10,1.71810019896e-12,7.19379283112e-15,3.90674206103e-21,2.4015433312e-33,6.89829868915e-18,6.13052175206e-24,5.63667992557e-22,-0.000584770234871,0.0,5.979e-10,5.98e-05
2.5,5.98249635415e-10,5.96813940434e-10,1.43076866632e-12,4.91743786159e-15,5.02475083301e-21,3.91587753562e-33,8.87234858569e-18,9.99583542756e-24,6.03262189581e-22,-0.000584772395312,0.0,5.979e-10,5.98e-05
2.6,5.98249636594e-10,5.97053534707e-10,1.19271725057e-12,3.37324328942e-15,6.44880746573e-21,6.36695067963e-33,1.13867418141e-17,1.62519884356e-23,6.52316951841e-22,-0.000584774367332,0.0,5.979e-10,5.98e-05
2.7,5.98249637594e-10,5.97252142024e-10,9.9515984743e-13,2.32112830171e-15,8.26046960284e-21,1.03257815298e-32,1.45854481085e-17,2.63562846811e-23,7.13533348611e-22,-0.000584776039172,0.0,5.979e-10,5.98e-05
2.8,5.98249638387e-10,5.97417151994e-10,8.30866608268e-13,1.60112394966e-15,1.05627840726e-20,1.67077953367e-32,1.86503563906e-17,4.26449019456e-23,7.8993210288e-22,-0.000584777365262,0.0,5.979e-10,5.98e-05
2.9,5.98249638975e-10,5.97554540931e-10,6.93967738438e-13,1.10648099367e-15,1.34858858642e-20,2.69789072739e-32,2.38111458371e-17,6.88587003481e-23,8.84982930153e-22,-0.000584778348908,0.0,5.979e-10,5.98e-05
3.0,5.98249639366e-10,5.97669125136e-10,5.79718243021e-13,7.6561210652e-16,1.71940482207e-20,4.34841653433e-32,3.03577102712e-17,1.10981648728e-22,1.00286178976e-21,-0.000584779003218,0.0,5.979e-10,5.98e-05
3.1,5.98249639586e-10,5.97764802665e-10,4.84268067056e-13,5.30176193168e-16,2.18945711673e-20,6.99715419653e-32,3.86558140708e-17,1.78576939269e-22,1.14883812789e-21,-0.000584779370871,0.0,5.979e-10,5.98e-05
3.2,5.98249639661e-10,5.97844755136e-10,4.04468033178e-13,3.67297115943e-16,2.78489921778e-20,1.12426341469e-31,4.91668255884e-17,2.8691509762e-22,1.3298138336e-21,-0.000584779496175,0.0,5.979e-10,5.98e-05
3.3,5.98249639619e-10,5.97911602458e-10,3.37720170067e-13,2.54482047921e-16,3.53872241415e-20,1.80399839246e-31,6.24725827785e-17,4.60361921891e-22,1.55507624039e-21,-0.000584779426244,0.0,5.979e-10,5.98e-05
3.4,5.98249639489e-10,5.9796751687e-10,2.81866992139e-13,1.76274359921e-16,4.49253808663e-20,2.89124063804e-31,7.93067120217e-17,7.37769668552e-22,1.83737860962e-21,-0.000584779208578,0.0,5.979e-10,5.98e-05
3.5,5.98249639298e-10,5.98014306779e-10,2.35109845451e-13,1.22021498049e-16,5.6988246745e-20,4.62876691937e-31,1.00594055145e-16,1.18105240546e-21,2.19452667152e-21,-0.000584778889651,0.0,5.979e-10,5.98e-05
3.6,5.98249639074e-10,5.98053479821e-10,1.95947309693e-13,8.43683131986e-17,7.2237593896e-20,7.40333326751e-31,1.27500275232e-16,1.8888206991e-21,2.65174318642e-21,-0.000584778514247,0.0,5.979e-10,5.98e-05
3.7,5.98249638841e-10,5.98086291959e-10,1.63127063582e-13,5.82302671045e-17,9.15078589197e-20,1.18307842068e-30,1.61494225407e-16,3.01805187988e-21,3.24522614243e-21,-0.000584778125377,0.0,5.979e-10,5.98e-05
3.8,5.98249638626e-10,5.98113787169e-10,1.3560682001e-13,4.0089063993e-17,1.15851078143e-19,1.88913507847e-30,2.04426297428e-16,4.81851737876e-21,4.02754275029e-21,-0.000584777764692,0.0,5.979e-10,5.98e-05
3.9,5.98249638451e-10,5.98136830665e-10,1.12521497287e-13,2.75075794757e-17,1.46593465836e-19,3.01446743687e-30,2.58626744858e-16,7.68745303314e-21,5.07586127925e-21,-0.000584777473112,0.0,5.979e-10,5.98e-05
4.0,5.98249638343e-10,5.9815613749e-10,9.31548305342e-14,1.87952190879e-17,1.85406632052e-19,4.80714433551e-30,3.27028930756e-16,1.22563336941e-20,6.5045952747e-21,-0.000584777291847,0.0,5.979e-10,5.98e-05
4.1,5.98249638326e-10,5.98172297615e-10,7.69143566013e-14,1.27770245207e-17,2.3439721125e-19,7.66160549714e-30,4.13323618533e-16,1.95285330959e-20,8.484944298e-21,-0.000584777263731,0.0,5.979e-10,5.98e-05
4.2,5.98249638428e-10,5.98185798052e-10,6.3309262906e-14,8.63453149865e-18,2.9621965437e-19,1.22048376157e-29,5.22151843717e-16,3.10975829524e-20,1.12752573366e-20,-0.000584777434931,0.0,5.979e-10,5.98e-05
4.3,5.98249638681e-10,5.98197042114e-10,5.19310010974e-14,5.79625912566e-18,3.74218179631e-19,1.94331931307e-29,6.59345603019e-16,4.94930003362e-20,1.52684268793e-20,-0.000584777857239,0.0,5.979e-10,5.98e-05
4.4,5.9824963912e-10,5.98206365688e-10,4.24367899678e-14,3.86243752991e-18,4.72605445808e-19,3.09295684959e-29,8.32227585996e-16,7.87278485537e-20,2.10661296485e-20,-0.000584778590907,0.0,5.979e-10,5.98e-05
4.5,5.98249639787e-10,5.98214050391e-10,3.45361379623e-14,2.55323091796e-18,5.96687485046e-19,4.92080790614e-29,1.04998343111e-15,1.25164988683e-19,2.95954358849e-20,-0.000584779707992,0.0,5.979e-10,5.98e-05
4.6,5.9824964074e-10,5.98220333653e-10,2.79803397004e-14,1.67298454212e-18,7.53146909682e-19,7.82609939719e-29,1.32412243378e-15,1.98886166531e-19,4.22923384014e-20,-0.000584781301567,0.0,5.979e-10,5.98e-05
4.7,5.98249642036e-10,5.98225415994e-10,2.25546455298e-14,1.08535670736e-18,9.50399516793e-19,1.24426503141e-28,1.66904511619e-15,3.15853290008e-19,6.13910499632e-20,-0.000584783469141,0.0,5.979e-10,5.98e-05
4.8,5.98249643758e-10,5.98229466036e-10,1.80725879289e-14,6.95858850606e-19,1.19904332015e-18,1.97765353786e-28,2.1027382314e-15,5.01315438591e-19,9.03805659713e-20,-0.000584786349195,0.0,5.979e-10,5.98e-05
4.9,5.98249646004e-10,5.98232623785e-10,1.43718527194e-14,4.39487125643e-19,1.51242395217e-18,3.14244535761e-28,2.64761917841e-15,7.95170300955e-19,1.34725874823e-19,-0.000584790105717,0.0,5.979e-10,5.98e-05
5.0,5.98249648894e-10,5.98235002784e-10,1.13111190977e-14,2.71911277265e-19,1.9073465643e-18,4.99200822561e-28,3.33155138326e-15,1.26038309957e-18,2.03008063486e-19,-0.000584794939582,0.0,5.979e-10,5.98e-05
5.1,5.98249652575e-10,5.98236691542e-10,8.76741988202e-15,1.63194562524e-19,2.40497214529e-18,7.9283383151e-28,4.18904863462e-15,1.99617146555e-18,3.0872768149e-19,-0.00058480109487,0.0,5.979e-10,5.98e-05
5.2,5.9824965722e-10,5.98237754526e-10,6.63373307272e-15,9.33405217722e-20,3.03194598954e-18,1.25891718087e-27,5.26267728414e-15,3.15858603331e-18,4.73158540948e-19,-0.000584808865014,0.0,5.979e-10,5.98e-05
5.3,5.98249663039e-10,5.98238232868e-10,4.81666021767e-15,4.91677625617e-20,3.82181840375e-18,1.99861212897e-27,6.60464731967e-15,4.99250303275e-18,7.29865468409e-19,-0.000584818597549,0.0,5.979e-10,5.98e-05
5.4,5.98249670273e-10,5.98238144848e-10,3.23415290904e-15,2.21504141815e-20,4.81683329531e-18,3.1723711022e-27,8.27855186593e-15,7.88110197767e-18,1.13185824358e-18,-0.000584830695664,0.0,5.979e-10,5.98e-05
5.5,5.98249679192e-10,5.98237486215e-10,1.81331466723e-15,6.95847356498e-21,6.07017986551e-18,5.03466701839e-27,1.03611634578e-14,1.24218962408e-17,1.76292249861e-18,-0.000584845613151,0.0,5.979e-10,5.98e-05
5.6,5.98249690088e-10,5.98236230437e-10,4.88342684487e-16,5.04376829036e-22,7.64882727351e-18,7.9890559372e-27,1.29441170834e-14,1.95426385551e-17,2.7555694479e-18,-0.000584863837469,0.0,5.979e-10,5.98e-05
5.7,5.98249702114e-10,5.98233546211e-10,4.2039435468e-24,3.73878947536e-38,9.62561685397e-18,1.26553570331e-26,1.61156507475e-14,3.06269560489e-17,4.34858703186e-18,-0.000584883950776,0.0,5.979e-10,5.98e-05
5.8,5.98249717891e-10,5.98229662844e-10,1.50488220996e-24,4.79480021736e-39,1.21034059158e-17,2.00253768277e-26,1.99951233925e-14,4.78197572179e-17,6.8905838424e-18,-0.000584910337906,0.0,5.979e-10,5.98e-05
5.9,5.98249736265e-10,5.9822492025e-10,8.61459289459e-25,1.57257442914e-39,1.52175593134e-17,3.16833940558e-26,2.47263825427e-14,7.44144861976e-17,1.09122120741e-17,-0.000584941068634,0.0,5.979e-10,5.98e-05
6.0,5.98249757091e-10,5.98219168167e-10,5.7326304745e-25,6.97034800014e-40,1.91310914514e-17,5.01217309079e-26,3.04544613412e-14,1.15331377064e-16,1.72714862871e-17,-0.000584975900322,0.0,5.979e-10,5.98e-05
6.1,5.98249779756e-10,5.98212249456e-10,4.11046755161e-25,3.58725913975e-40,2.40487003705e-17,7.9279978767e-26,3.73283731675e-14,1.77877599948e-16,2.73222168245e-17,-0.00058501380823,0.0,5.979e-10,5.98e-05
6.2,5.98249802844e-10,5.98204009489e-10,3.08373950729e-25,2.02114562009e-40,3.02274598621e-17,1.25384987672e-25,4.5490372335e-14,2.72755623955e-16,4.31995160865e-17,-0.000585052423544,0.0,5.979e-10,5.98e-05
6.3,5.98249823616e-10,5.98194309551e-10,2.38719414072e-25,1.21256775341e-40,3.79902949923e-17,1.98278610408e-25,5.50606859592e-14,4.15389210203e-16,6.82692606583e-17,-0.000585087165298,0.0,5.979e-10,5.98e-05
6.4,5.98249833562e-10,5.98183040185e-10,1.89319891595e-25,0.0,4.77429846988e-17,3.13516990435e-25,6.61180356288e-14,6.27598532527e-16,1.07835598967e-16,-0.000585103799709,0.0,5.979e-10,5.98e-05
6.5,5.98249831768e-10,5.98170154527e-10,1.53222164932e-25,0.0,5.99956358836e-17,4.95690894181e-25,7.86776238876e-14,9.39621737987e-16,1.70254762902e-16,-0.000585100799142,0.0,5.979e-10,5.98e-05
6.6,5.98249801136e-10,5.98155663321e-10,1.26287633151e-25,0.0,7.53898126241e-17,7.83679333384e-25,9.26699886023e-14,1.39243671824e-15,2.68688990326e-16,-0.000585049567607,0.0,5.979e-10,5.98e-05
6.7,5.98249720178e-10,5.98139659408e-10,1.0588607368e-25,0.0,9.47328115243e-17,1.23896552046e-24,1.07925735577e-13,2.04030237094e-15,4.23869640758e-16,-0.000584914163659,0.0,5.979e-10,5.98e-05
6.8,5.98249554965e-10,5.98122310736e-10,9.02608622953e-26,0.0,1.19040927419e-16,1.95880491121e-24,1.24171745602e-13,2.95344232816e-15,6.68452443194e-16,-0.000584637840391,0.0,5.979e-10,5.98e-05
6.9,5.98249252309e-10,5.98103838677e-10,7.81933687919e-26,0.0,1.49594002739e-16,3.09708238878e-24,1.41043171677e-13,4.22086609131e-15,1.05388592394e-15,-0.00058413164158,0.0,5.979e-10,5.98e-05
7.0,5.98248729062e-10,5.98084475509e-10,6.88130219591e-26,0.0,1.88004107393e-16,4.89735491608e-24,1.58112076949e-13,5.9534721572e-15,1.66124822127e-15,-0.000583256501454,0.0,5.979e-10,5.98e-05
7.1,5.98247855216e-10,5.98064402361e-10,6.14835829405e-26,0.0,2.36301904944e-16,7.74520432223e-24,1.74928775476e-13,8.28777710555e-15,2.61835084333e-15,-0.000581794975131,0.0,5.979e-10,5.98e-05
7.2,5.98246427125e-10,5.98043671548e-10,5.57317416646e-26,0.0,2.97045173719e-16,1.22511878221e-23,1.91067730117e-13,1.13908018255e-14,4.12673865914e-15,-0.000579406464473,0.0,5.979e-10,5.98e-05
7.3,5.98244125098e-10,5.98022116644e-10,5.12004421594e-26,0.0,3.73455121061e-16,1.93822671398e-23,2.06168241702e-13,1.54667574803e-14,6.50431426196e-15,-0.000575556277231,0.0,5.979e-10,5.98e-05
7.4,5.98240446254e-10,5.97999248518e-10,4.76173053122e-26,0.0,4.6958760418e-16,3.06700386842e-23,2.19961962954e-13,2.07661855363e-14,1.02526237814e-14,-0.000569403335797,0.0,5.979e-10,5.98e-05
7.5,5.98234598392e-10,5.97974126121e-10,4.47726301675e-26,0.0,5.9054819902e-16,4.8540619836e-23,2.32283571942e-13,2.75981512158e-14,1.6163055054e-14,-0.000559622666402,0.0,5.979e-10,5.98e-05
7.6,5.98225332404e-10,5.97945177901e-10,4.2503681288e-26,0.0,7.42762288503e-16,7.68372133008e-23,2.4306570465e-13,3.63460354017e-14,2.54844077873e-14,-0.000544125110799,0.0,5.979e-10,5.98e-05
7.7,5.98210680783e-10,5.97909936488e-10,4.06832182346e-26,0.0,9.34313795223e-16,1.21647721382e-22,2.52322524439e-13,4.74874563824e-14,4.01871920259e-14,-0.000519619974521,0.0,5.979e-10,5.98e-05
7.8000000001,5.98187529172e-10,5.97864606812e-10,3.92110004478e-26,0.0,1.17537075077e-15,1.9261542968e-22,2.60127948257e-13,6.16190410919e-14,6.3380348858e-14,-0.000480898431121,0.0,5.979e-10,5.98e-05
7.9,5.9815097734e-10,5.97803419534e-10,3.80073186564e-26,0.0,1.47871572834e-15,3.05013415996e-22,2.66592488003e-13,7.94866019818e-14,9.99676593126e-14,-0.000419764742766,0.0,5.979e-10,5.98e-05
8.0,5.98093294414e-10,5.97717569108e-10,3.7008072638e-26,0.0,1.86040865443e-15,4.83026825344e-22,2.71843089518e-13,1.02021807256e-13,1.57680944851e-13,-0.000323288867428,0.0,5.979e-10,5.98e-05
8.1,5.98002297546e-10,5.97593564271e-10,3.6160907382e-26,0.0,2.34060777369e-15,7.64941667454e-22,2.76006638049e-13,1.30386027936e-13,2.48703998607e-13,-0.000171094740944,0.0,5.979e-10,5.98e-05
8.2,5.97858803668e-10,5.97410639632e-10,3.54221365299e-26,0.0,2.94457904417e-15,1.2113381103e-21,2.79197488377e-13,1.66021967834e-13,3.9222028717e-13,6.89017086154e-05,0.0,5.979e-10,5.98e-05
8.3,5.97632644973e-10,5.9713672007e-10,3.47542253816e-26,0.0,3.70392027279e-15,1.9180045628e-21,2.81508173733e-13,2.1071280675e-13,6.1839920614e-13,0.000447156760157,0.0,5.979e-10,5.98e-05
8.4,5.9727645311e-10,5.96722146245e-10,3.41236607013e-26,0.0,4.65801253206e-15,3.0362359702e-21,2.83002043527e-13,2.66646805791e-13,9.74608996623e-13,0.00104289494872,0.0,5.979e-10,5.98e-05
8.5,5.96716035005e-10,5.96089991154e-10,3.34990706195e-26,0.0,5.85567504259e-15,4.80460140746e-21,2.837064135e-13,3.36481758056e-13,1.53504475136e-12,0.0019802057116,0.0,5.979e-10,5.98e-05
8.6,5.95835576193e-10,5.95121217645e-10,3.28494840732e-26,0.0,7.35691786688e-15,7.59832844508e-21,2.83604744728e-13,4.2339687823e-13,2.41552076439e-12,0.0034527911134,0.0,5.979e-10,5.98e-05
8.7,5.94455215156e-10,5.93632246894e-10,3.21426490248e-26,0.0,9.23451823139e-15,1.20052664864e-20,2.82626387759e-13,5.31107343485e-13,3.79589973274e-12,0.00576147323015,0.0,5.979e-10,5.98e-05
8.8,5.92297727499e-10,5.9134172527e-10,3.13433723461e-26,0.0,1.15748170427e-14,1.89407842235e-20,2.8063252147e-13,6.63794872198e-13,5.9534069682e-12,0.00936991553865,0.0,5.979e-10,5.98e-05
8.9,5.88940663578e-10,5.87822918319e-10,3.04119356759e-26,0.0,1.44765255011e-14,2.98168804736e-20,2.77397404616e-13,8.25871299107e-13,9.31049312945e-12,0.0149846737285,0.0,5.979e-10,5.98e-05
9.0,5.83751339027e-10,5.82439271963e-10,2.93028312869e-26,0.0,1.80452906562e-14,4.67799961356e-20,2.72585520346e-13,1.02143620681e-12,1.44998437439e-11,0.0236639253598,0.0,5.979e-10,5.98e-05
9.1,5.75807172989e-10,5.74265846529e-10,2.79644404739e-26,0.0,2.23801816297e-14,7.30195236647e-20,2.6572888929e-13,1.25321731653e-12,2.2444041043e-11,0.0369507058219,0.0,5.979e-10,5.98e-05
9.2,5.63817820048e-10,5.62013331513e-10,2.63409492024e-26,0.0,2.75463697651e-14,1.13108547338e-19,2.56216700663e-13,1.52072535207e-12,3.44334320905e-11,0.0570031442575,0.0,5.979e-10,5.98e-05
9.3,5.46095057236e-10,5.44000787719e-10,2.43787610561e-26,0.0,3.3527491582e-14,1.73244708978e-19,2.43323275924e-13,1.81741857643e-12,5.21562418681e-11,0.0866448281724,0.0,5.979e-10,5.98e-05
9.4,5.20663741089e-10,5.18270177415e-10,2.20404390893e-26,0.0,4.01554483472e-14,2.61095206242e-19,2.26317925374e-13,2.12709003976e-12,7.75876163178e-11,0.129179225474,0.0,5.979e-10,5.98e-05
9.5,4.85649682274e-10,4.82977166212e-10,1.93281304709e-26,0.0,4.70317010566e-14,3.84772143712e-19,2.04705483521e-13,2.42077849231e-12,1.12601747856e-10,0.187740956224,0.0,5.979e-10,5.98e-05
9.6,4.40038057427e-10,4.37148768764e-10,1.63125392436e-26,0.0,5.34865773003e-14,5.50522132671e-19,1.78600097957e-13,2.65720143736e-12,1.58213463699e-10,0.264027333288,0.0,5.979e-10,5.98e-05
9.7,3.84647908383e-10,3.81649620043e-10,1.31517438065e-26,0.0,5.8653634722e-14,7.59444920687e-19,1.49098466415e-13,2.79053547919e-12,2.13603726866e-10,0.356668492418,0.0,5.979e-10,5.98e-05
9.8,3.22743790476e-10,3.19777510035e-10,1.00753394399e-26,0.0,6.17084216015e-14,1.00500392519e-18,1.18352797185e-13,2.78621821692e-12,2.75507988141e-10,0.460204397934,0.0,5.979e-10,5.98e-05
9.9,2.59554980475e-10,2.56766108367e-10,7.32297143362e-27,0.0,6.21931782112e-14,1.27390008488e-18,8.90843893271e-14,2.63759326615e-12,3.38696978514e-10,0.565888977296,0.0,5.979e-10,5.98e-05
10.0,2.00636366894e-10,1.98141296669e-10,5.06501518794e-27,0.0,6.02173951216e-14,1.55105888873e-18,6.36856477412e-14,2.37116563094e-12,3.97615819286e-10,0.664431565656,0.0,5.979e-10,5.98e-05
